INCIDENT_ID,ORI,INCIDENT_DATE_STR,INCIDENT_TIME_STR,CITY,COUNTY,STATE,ZIP_CODE,MULTIPLE_LOCATIONS,ON_K12_CAMPUS,ARREST_MADE,CRIME_REPORT_FILED,CONTACT_REASON,IN_CUSTODY_REASON,NUM_INVOLVED_CIVILIANS,NUM_INVOLVED_OFFICERS,NUM_INVOLVED_AGENCIES
URSUS-01-0000-2019-402,CA0010000,1/6/2019,16:20,DUBLIN,ALAMEDA,CA,94568,FALSE,FALSE,TRUE,TRUE,in_custody_event,booked_awaiting_trial,1,2,1
URSUS-01-0000-2019-481,CA0010000,4/8/2019,10:30,DUBLIN,ALAMEDA,CA,94568,FALSE,FALSE,TRUE,TRUE,in_custody_event,booked_awaiting_trial,1,5,1
URSUS-01-0000-2019-684,CA0010000,12/13/2019,22:30,SAN LEANDRO,ALAMEDA,CA,94578,FALSE,FALSE,TRUE,TRUE,call_for_service,,1,2,1
URSUS-01-0000-2019-6fc,CA0010000,3/13/2019,16:33,SAN LEANDRO,ALAMEDA,CA,94578,FALSE,FALSE,FALSE,TRUE,call_for_service,,1,3,1
URSUS-01-0000-2019-701,CA0010000,11/26/2019,06:00,DUBLIN,ALAMEDA,CA,94568,FALSE,FALSE,TRUE,TRUE,in_custody_event,awaiting_booking,1,3,1
URSUS-01-0000-2019-d18,CA0010000,6/6/2019,13:43,OAKLAND,ALAMEDA,CA,94621,FALSE,FALSE,TRUE,TRUE,call_for_service,,1,2,1
URSUS-01-0400-2019-5d0,CA0010400,5/25/2019,21:24,EMERYVILLE,ALAMEDA,CA,94608,FALSE,FALSE,TRUE,TRUE,vehicle_bike_pedestrian,,1,3,1
URSUS-01-0400-2019-92d,CA0010400,10/26/2019,15:56,EMERYVILLE,ALAMEDA,CA,94608,FALSE,FALSE,TRUE,TRUE,call_for_service,,1,1,1
URSUS-01-0500-2019-1a6,CA0010500,1/3/2019,11:30,SAN JOSE,SANTA CLARA,CA,95128,FALSE,FALSE,TRUE,TRUE,pre_planned,,1,1,1
URSUS-01-0500-2019-8b4,CA0010500,4/18/2019,21:49,FREMONT,ALAMEDA,CA,94538,FALSE,FALSE,TRUE,TRUE,ambush,,1,3,1
URSUS-01-0600-2019-302,CA0010600,8/13/2019,08:30,HAYWARD,ALAMEDA,CA,94544,FALSE,FALSE,TRUE,TRUE,call_for_service,,1,2,1
URSUS-01-0600-2019-3fd,CA0010600,5/13/2019,15:00,HAYWARD,ALAMEDA,CA,94545,FALSE,FALSE,FALSE,TRUE,call_for_service,,2,3,1
URSUS-01-0600-2019-6ff,CA0010600,2/26/2019,10:00,HAYWARD,ALAMEDA,CA,94542,FALSE,FALSE,TRUE,TRUE,call_for_service,,1,2,1
URSUS-01-0600-2019-7c8,CA0010600,6/18/2019,00:43,HAYWARD,ALAMEDA,CA,94545,FALSE,FALSE,TRUE,TRUE,in_progress,,2,2,1
URSUS-01-0600-2019-c1f,CA0010600,10/3/2019,00:56,HAYWARD,ALAMEDA,CA,94544,FALSE,FALSE,TRUE,TRUE,call_for_service,,1,2,1
URSUS-01-1200-2019-c2f,CA0011200,6/11/2019,16:04,SAN LEANDRO,ALAMEDA,CA,94577,FALSE,FALSE,FALSE,TRUE,call_for_service,,1,1,1
URSUS-01-1300-2019-360,CA0011300,3/1/2019,00:32,UNION CITY,ALAMEDA,CA,94587,FALSE,FALSE,FALSE,TRUE,call_for_service,,1,2,1
URSUS-01-2100-2019-f4c,CA0012100,2/21/2019,06:21,PITTSBURG,CONTRA COSTA,CA,94565,FALSE,FALSE,TRUE,TRUE,call_for_service,,1,1,1
URSUS-04-0000-2019-49b,CA0040000,1/18/2019,17:50,OROVILLE,BUTTE,CA,95965,FALSE,FALSE,TRUE,TRUE,in_custody_event,other,1,3,1
URSUS-04-0000-2019-f5b,CA0040000,1/28/2019,12:21,RICHVALE,BUTTE,CA,95974,FALSE,FALSE,FALSE,FALSE,call_for_service,,1,11,1
URSUS-04-0300-2019-b1e,CA0040300,6/4/2019,04:56,GRIDLEY,BUTTE,CA,95948,FALSE,FALSE,TRUE,TRUE,vehicle_bike_pedestrian,,2,2,1
URSUS-07-0000-2019-8aa,CA0070000,6/6/2019,10:23,BAY POINT,CONTRA COSTA,CA,94565,FALSE,FALSE,TRUE,TRUE,consensual,booked_no_charge,1,1,1
URSUS-07-0100-2019-1f9,CA0070100,5/19/2019,07:14,ANTIOCH,CONTRA COSTA,CA,94509,FALSE,FALSE,TRUE,TRUE,call_for_service,,1,1,1
URSUS-07-0100-2019-29b,CA0070100,1/28/2019,10:38,ANTIOCH,CONTRA COSTA,CA,94531,FALSE,FALSE,TRUE,TRUE,call_for_service,,1,1,1
URSUS-07-0100-2019-3eb,CA0070100,4/17/2019,12:39,ANTIOCH,CONTRA COSTA,CA,94531,FALSE,FALSE,TRUE,TRUE,call_for_service,,1,1,1
URSUS-07-0100-2019-465,CA0070100,4/14/2019,02:24,ANTIOCH,CONTRA COSTA,CA,94509,FALSE,FALSE,TRUE,TRUE,call_for_service,,1,2,1
URSUS-07-0100-2019-4bd,CA0070100,4/25/2019,13:59,ANTIOCH,CONTRA COSTA,CA,94509,FALSE,FALSE,TRUE,TRUE,call_for_service,,1,1,1
URSUS-07-0100-2019-8d7,CA0070100,5/18/2019,21:33,ANTIOCH,CONTRA COSTA,CA,94509,FALSE,FALSE,TRUE,TRUE,call_for_service,,1,2,1
URSUS-07-0100-2019-ace,CA0070100,11/7/2019,20:14,ANTIOCH,CONTRA COSTA,CA,94531,FALSE,FALSE,TRUE,TRUE,call_for_service,,1,2,1
URSUS-07-0100-2019-da3,CA0070100,10/20/2019,16:31,ANTIOCH,CONTRA COSTA,CA,94531,FALSE,FALSE,TRUE,TRUE,call_for_service,,2,1,1
URSUS-07-0100-2019-e3e,CA0070100,2/10/2019,23:30,ANTIOCH,CONTRA COSTA,CA,94531,FALSE,FALSE,TRUE,TRUE,vehicle_bike_pedestrian,,1,1,1
URSUS-07-0100-2019-fff,CA0070100,4/19/2019,00:25,ANTIOCH,CONTRA COSTA,CA,94509,FALSE,FALSE,TRUE,TRUE,vehicle_bike_pedestrian,,1,2,1
URSUS-07-0400-2019-25c,CA0070400,12/1/2019,11:45,CONCORD,CONTRA COSTA,CA,94520,FALSE,FALSE,FALSE,TRUE,in_progress,other,1,2,1
URSUS-07-0400-2019-8a8,CA0070400,8/2/2019,16:11,CONCORD,CONTRA COSTA,CA,94520,FALSE,FALSE,TRUE,TRUE,call_for_service,,1,4,2
URSUS-07-0600-2019-a59,CA0070600,7/30/2019,02:13,RODEO,CONTRA COSTA,CA,94572,FALSE,FALSE,TRUE,TRUE,vehicle_bike_pedestrian,,1,1,1
URSUS-07-1000-2019-287,CA0071000,11/10/2019,17:25,VALLEJO,SOLANO,CA,94589,FALSE,FALSE,TRUE,TRUE,consensual,,1,1,1
URSUS-07-1000-2019-53c,CA0071000,4/11/2019,02:33,RICHMOND,CONTRA COSTA,CA,94805,FALSE,FALSE,TRUE,TRUE,call_for_service,,1,3,1
URSUS-07-1000-2019-f5a,CA0071000,2/27/2019,19:53,RICHMOND,CONTRA COSTA,CA,94801,FALSE,FALSE,TRUE,TRUE,call_for_service,,1,1,1
URSUS-07-1200-2019-dc3,CA0071200,6/2/2019,17:08,WALNUT CREEK,CONTRA COSTA,CA,94595,FALSE,FALSE,FALSE,TRUE,call_for_service,,1,3,1
URSUS-09-0000-2019-0ec,CA0090000,10/23/2019,00:26,PLACERVILLE,EL DORADO,CA,95667,FALSE,FALSE,TRUE,TRUE,call_for_service,,1,1,1
URSUS-10-0000-2019-51b,CA0100000,1/11/2019,15:02,FRESNO,FRESNO,CA,93703,FALSE,FALSE,TRUE,TRUE,call_for_service,,1,1,1
URSUS-10-0000-2019-700,CA0100000,2/7/2019,11:00,TOLLHOUSE,FRESNO,CA,93667,FALSE,FALSE,TRUE,TRUE,call_for_service,booked_no_charge,1,1,1
URSUS-10-0000-2019-a80,CA0100000,4/27/2019,10:24,AUBERRY,FRESNO,CA,93602,FALSE,FALSE,TRUE,TRUE,vehicle_bike_pedestrian,,1,1,1
URSUS-10-0100-2019-9ac,CA0100100,1/28/2019,20:54,CLOVIS,FRESNO,CA,93612,FALSE,FALSE,TRUE,TRUE,call_for_service,,1,3,1
URSUS-10-0500-2019-472,CA0100500,1/5/2019,12:47,FRESNO,FRESNO,CA,93710,FALSE,FALSE,FALSE,TRUE,call_for_service,,1,2,1
URSUS-10-0500-2019-54d,CA0100500,8/6/2019,09:00,FRESNO,FRESNO,CA,93706,FALSE,FALSE,FALSE,TRUE,call_for_service,,1,1,1
URSUS-10-0500-2019-638,CA0100500,11/6/2019,21:30,FRESNO,FRESNO,CA,93705,FALSE,FALSE,TRUE,TRUE,call_for_service,,1,1,1
URSUS-10-0500-2019-72f,CA0100500,11/22/2019,22:56,FRESNO,FRESNO,CA,93706,FALSE,FALSE,TRUE,TRUE,call_for_service,,1,3,1
URSUS-10-0500-2019-f56,CA0100500,6/28/2019,21:43,FRESNO,FRESNO,CA,93703,FALSE,FALSE,TRUE,TRUE,in_progress,,1,1,1
URSUS-10-0600-2019-333,CA0100600,9/6/2019,01:05,HURON,FRESNO,CA,93234,FALSE,FALSE,TRUE,TRUE,call_for_service,,1,2,1
URSUS-10-0600-2019-c8f,CA0100600,5/19/2019,21:00,HURON,FRESNO,CA,93234,FALSE,FALSE,FALSE,FALSE,in_progress,,1,2,1
URSUS-12-0000-2019-870,CA0120000,6/10/2019,23:43,EUREKA,HUMBOLDT,CA,95501,FALSE,FALSE,FALSE,FALSE,in_custody_event,in_transit,1,1,1
URSUS-12-0300-2019-ca2,CA0120300,10/4/2019,23:12,EUREKA,HUMBOLDT,CA,95501,FALSE,FALSE,TRUE,TRUE,consensual,,1,2,1
URSUS-13-0000-2019-3ea,CA0130000,12/5/2019,10:27,EL CENTRO,IMPERIAL,CA,92243,FALSE,FALSE,TRUE,TRUE,in_custody_event,booked_awaiting_trial,1,1,1
URSUS-13-0000-2019-977,CA0130000,10/26/2019,17:55,BRAWLEY,IMPERIAL,CA,92227,FALSE,FALSE,FALSE,TRUE,call_for_service,,1,1,1
URSUS-13-0000-2019-9db,CA0130000,2/2/2019,08:59,HOLTVILLE,IMPERIAL,CA,92250,FALSE,FALSE,TRUE,TRUE,in_custody_event,booked_awaiting_trial,1,1,1
URSUS-13-0400-2019-064,CA0130400,12/29/2019,07:04,EL CENTRO,IMPERIAL,CA,92243,FALSE,FALSE,FALSE,TRUE,in_progress,,1,3,1
URSUS-15-0000-2019-4b4,CA0150000,7/14/2019,03:19,BAKERSFIELD,KERN,CA,93308,FALSE,FALSE,TRUE,TRUE,welfare_check,,1,1,1
URSUS-15-0000-2019-a10,CA0150000,12/28/2019,17:13,BAKERSFIELD,KERN,CA,93305,FALSE,FALSE,FALSE,TRUE,call_for_service,,1,5,1
URSUS-15-0200-2019-011,CA0150200,1/20/2019,00:14,BAKERSFIELD,KERN,CA,93313,FALSE,FALSE,TRUE,TRUE,call_for_service,other,1,2,1
URSUS-15-0200-2019-029,CA0150200,4/13/2019,16:49,BAKERSFIELD,KERN,CA,93311,FALSE,FALSE,TRUE,TRUE,vehicle_bike_pedestrian,,1,1,1
URSUS-15-0200-2019-212,CA0150200,3/12/2019,21:05,BAKERSFIELD,KERN,CA,93304,FALSE,FALSE,TRUE,TRUE,in_progress,,2,1,1
URSUS-15-0200-2019-5b6,CA0150200,1/27/2019,22:39,BAKERSFIELD,KERN,CA,93305,FALSE,FALSE,TRUE,TRUE,vehicle_bike_pedestrian,,1,2,1
URSUS-15-0200-2019-6c7,CA0150200,10/6/2019,18:52,BAKERSFIELD,KERN,CA,93305,FALSE,FALSE,TRUE,TRUE,pre_planned,,1,2,1
URSUS-15-0200-2019-882,CA0150200,5/28/2019,01:34,BAKERSFIELD,KERN,CA,93309,FALSE,FALSE,TRUE,TRUE,vehicle_bike_pedestrian,,1,2,1
URSUS-15-0200-2019-8f8,CA0150200,3/18/2019,00:50,BAKERSFIELD,KERN,CA,93307,FALSE,FALSE,TRUE,TRUE,call_for_service,,1,2,1
URSUS-15-0200-2019-91c,CA0150200,7/9/2019,01:50,BAKERSFIELD,KERN,CA,93305,FALSE,FALSE,FALSE,TRUE,call_for_service,,1,2,1
URSUS-15-0200-2019-9d8,CA0150200,3/1/2019,21:32,BAKERSFIELD,KERN,CA,93306,FALSE,FALSE,TRUE,TRUE,in_progress,,1,2,1
URSUS-15-0200-2019-a9a,CA0150200,9/16/2019,03:25,BAKERSFIELD,KERN,CA,93305,FALSE,FALSE,TRUE,TRUE,vehicle_bike_pedestrian,,1,2,1
URSUS-15-0200-2019-afc,CA0150200,9/19/2019,01:33,BAKERSFIELD,KERN,CA,93307,FALSE,FALSE,TRUE,TRUE,consensual,,1,3,1
URSUS-15-0200-2019-c62,CA0150200,2/11/2019,18:04,BAKERSFIELD,KERN,CA,93306,FALSE,FALSE,TRUE,TRUE,pre_planned,,1,2,1
URSUS-15-0200-2019-fd2,CA0150200,7/4/2019,21:26,BAKERSFIELD,KERN,CA,93304,FALSE,FALSE,TRUE,TRUE,call_for_service,,1,3,1
URSUS-15-0300-2019-297,CA0150300,6/14/2019,00:41,DELANO,TULARE,CA,93215,FALSE,FALSE,FALSE,FALSE,call_for_service,,1,1,1
URSUS-15-0900-2019-3f3,CA0150900,5/21/2019,21:37,GOLDEN HILLS,KERN,CA,93561,FALSE,FALSE,FALSE,TRUE,vehicle_bike_pedestrian,,1,1,1
URSUS-15-1100-2019-c8e,CA0151100,9/14/2019,22:52,CALIFORNIA CITY,KERN,CA,93505,FALSE,FALSE,TRUE,TRUE,call_for_service,,1,3,1
URSUS-16-0000-2019-632,CA0160000,4/25/2019,22:04,LEMOORE,KINGS,CA,93245,FALSE,FALSE,FALSE,TRUE,vehicle_bike_pedestrian,,1,1,1
URSUS-16-0000-2019-fda,CA0160000,6/18/2019,05:34,HANFORD,KINGS,CA,93230,FALSE,FALSE,TRUE,TRUE,pre_planned,,1,4,2
URSUS-16-0300-2019-6ec,CA0160300,11/9/2019,19:37,LEMOORE,KINGS,CA,93245,FALSE,FALSE,FALSE,FALSE,call_for_service,,1,2,1
URSUS-17-0000-2019-28e,CA0170000,12/31/2019,19:01,LAKEPORT,LAKE,CA,95453,FALSE,FALSE,FALSE,FALSE,in_custody_event,out_of_court,1,1,1
URSUS-17-0000-2019-606,CA0170000,7/17/2019,21:34,NICE,LAKE,CA,95464,FALSE,FALSE,TRUE,TRUE,call_for_service,,1,1,1
URSUS-17-0000-2019-702,CA0170000,12/28/2019,21:50,CLEARLAKE OAKS,LAKE,CA,95423,FALSE,FALSE,FALSE,TRUE,vehicle_bike_pedestrian,,1,1,1
URSUS-17-0000-2019-a80,CA0170000,9/28/2019,08:15,LAKEPORT,LAKE,CA,95453,FALSE,FALSE,TRUE,TRUE,consensual,,1,1,1
URSUS-17-0200-2019-90d,CA0170200,7/15/2019,20:40,CLEARLAKE,LAKE,CA,95422,FALSE,FALSE,TRUE,TRUE,call_for_service,,2,1,1
URSUS-19-0000-2019-005,CA0190000,10/5/2019,10:58,MONROVIA,LOS ANGELES,CA,91016,FALSE,FALSE,TRUE,TRUE,call_for_service,,1,2,1
URSUS-19-0000-2019-049,CA0190000,11/14/2019,11:15,LOS ANGELES,LOS ANGELES,CA,90047,FALSE,FALSE,TRUE,TRUE,consensual,,1,2,1
URSUS-19-0000-2019-06c,CA0190000,5/24/2019,01:30,LA PUENTE,LOS ANGELES,CA,91744,FALSE,FALSE,TRUE,TRUE,vehicle_bike_pedestrian,,1,7,1
URSUS-19-0000-2019-085,CA0190000,3/16/2019,21:14,PALMDALE,LOS ANGELES,CA,93552,FALSE,FALSE,FALSE,TRUE,call_for_service,,1,3,1
URSUS-19-0000-2019-131,CA0190000,3/12/2019,12:00,LAKEWOOD,LOS ANGELES,CA,90712,FALSE,FALSE,TRUE,TRUE,vehicle_bike_pedestrian,,1,2,1
URSUS-19-0000-2019-188,CA0190000,6/10/2019,22:15,COMMERCE,LOS ANGELES,CA,90040,FALSE,FALSE,TRUE,TRUE,vehicle_bike_pedestrian,,1,1,1
URSUS-19-0000-2019-19d,CA0190000,3/14/2019,22:31,HUNTINGTON PARK,LOS ANGELES,CA,90255,FALSE,FALSE,TRUE,TRUE,vehicle_bike_pedestrian,,1,1,1
URSUS-19-0000-2019-1ab,CA0190000,9/8/2019,05:35,CARSON,LOS ANGELES,CA,90745,FALSE,FALSE,TRUE,TRUE,call_for_service,,1,9,1
URSUS-19-0000-2019-226,CA0190000,6/21/2019,14:25,EAST LOS ANGELES,LOS ANGELES,CA,90022,FALSE,FALSE,TRUE,TRUE,call_for_service,,1,7,1
URSUS-19-0000-2019-249,CA0190000,11/20/2019,18:00,LOS ANGELES,LOS ANGELES,CA,90012,FALSE,FALSE,FALSE,TRUE,in_custody_event,booked_awaiting_trial,1,2,1
URSUS-19-0000-2019-27a,CA0190000,9/12/2019,12:43,SANTA CLARITA,LOS ANGELES,CA,91355,FALSE,FALSE,FALSE,TRUE,call_for_service,,1,2,1
URSUS-19-0000-2019-2a9,CA0190000,11/25/2019,15:52,EAST LOS ANGELES,LOS ANGELES,CA,90022,FALSE,FALSE,TRUE,TRUE,vehicle_bike_pedestrian,,2,2,1
URSUS-19-0000-2019-301,CA0190000,8/25/2019,21:18,CARSON,LOS ANGELES,CA,90745,FALSE,FALSE,TRUE,TRUE,call_for_service,,1,4,1
URSUS-19-0000-2019-31c,CA0190000,11/13/2019,08:35,LOS ANGELES,LOS ANGELES,CA,90063,FALSE,FALSE,FALSE,TRUE,call_for_service,,1,2,1
URSUS-19-0000-2019-33f,CA0190000,1/20/2019,14:35,LOS ANGELES,LOS ANGELES,CA,90001,FALSE,FALSE,TRUE,TRUE,call_for_service,,1,3,1
URSUS-19-0000-2019-363,CA0190000,3/31/2019,22:47,COMPTON,LOS ANGELES,CA,90220,FALSE,FALSE,TRUE,TRUE,call_for_service,,2,2,1
URSUS-19-0000-2019-36f,CA0190000,12/31/2019,05:07,LOS ANGELES,LOS ANGELES,CA,90034,FALSE,FALSE,TRUE,TRUE,in_progress,,1,1,1
URSUS-19-0000-2019-382,CA0190000,4/27/2019,19:20,WHITTIER,LOS ANGELES,CA,90605,FALSE,FALSE,TRUE,TRUE,call_for_service,,1,2,1
URSUS-19-0000-2019-53a,CA0190000,8/1/2019,01:00,SANTA CLARITA,LOS ANGELES,CA,91350,FALSE,FALSE,TRUE,TRUE,vehicle_bike_pedestrian,,1,2,1
URSUS-19-0000-2019-553,CA0190000,7/27/2019,18:25,LANCASTER,LOS ANGELES,CA,93534,FALSE,FALSE,TRUE,TRUE,consensual,,1,2,1
URSUS-19-0000-2019-738,CA0190000,5/12/2019,18:17,COMPTON,LOS ANGELES,CA,90221,FALSE,FALSE,TRUE,TRUE,vehicle_bike_pedestrian,,1,2,1
URSUS-19-0000-2019-742,CA0190000,10/24/2019,14:51,LOS ANGELES,LOS ANGELES,CA,90012,FALSE,FALSE,FALSE,TRUE,in_custody_event,sentenced,1,5,1
URSUS-19-0000-2019-75f,CA0190000,10/6/2019,22:40,WHITTIER,LOS ANGELES,CA,90606,FALSE,FALSE,FALSE,TRUE,call_for_service,,1,3,1
URSUS-19-0000-2019-77f,CA0190000,2/17/2019,18:04,LANCASTER,LOS ANGELES,CA,93534,FALSE,FALSE,TRUE,TRUE,call_for_service,,1,1,1
URSUS-19-0000-2019-7af,CA0190000,10/24/2019,07:30,LOS ANGELES,LOS ANGELES,CA,91604,FALSE,FALSE,TRUE,TRUE,pre_planned,,1,2,1
URSUS-19-0000-2019-7d7,CA0190000,6/29/2019,11:20,LANCASTER,LOS ANGELES,CA,93534,TRUE,FALSE,TRUE,TRUE,vehicle_bike_pedestrian,,1,2,1
URSUS-19-0000-2019-7dc,CA0190000,6/6/2019,19:30,LOS ANGELES,LOS ANGELES,CA,90061,FALSE,FALSE,TRUE,TRUE,consensual,,2,2,1
URSUS-19-0000-2019-7fe,CA0190000,3/17/2019,10:11,LOS ANGELES,LOS ANGELES,CA,90059,FALSE,FALSE,FALSE,TRUE,in_custody_event,sentenced,1,1,1
URSUS-19-0000-2019-846,CA0190000,9/20/2019,16:04,CITY OF INDUSTRY,LOS ANGELES,CA,91744,FALSE,FALSE,FALSE,TRUE,in_custody_event,awaiting_booking,1,6,1
URSUS-19-0000-2019-858,CA0190000,7/18/2019,18:42,PALMDALE,LOS ANGELES,CA,93550,FALSE,FALSE,TRUE,TRUE,call_for_service,,1,4,1
URSUS-19-0000-2019-884,CA0190000,12/18/2019,18:50,PASADENA,LOS ANGELES,CA,91103,FALSE,FALSE,TRUE,TRUE,vehicle_bike_pedestrian,,1,3,1
URSUS-19-0000-2019-88c,CA0190000,7/3/2019,23:19,COMPTON,LOS ANGELES,CA,90220,FALSE,FALSE,TRUE,TRUE,vehicle_bike_pedestrian,,2,4,1
URSUS-19-0000-2019-8e7,CA0190000,10/30/2019,07:04,LANCASTER,LOS ANGELES,CA,93535,FALSE,FALSE,FALSE,TRUE,call_for_service,,1,2,1
URSUS-19-0000-2019-91b,CA0190000,7/26/2019,16:43,MALIBU,LOS ANGELES,CA,90265,FALSE,FALSE,TRUE,TRUE,call_for_service,,1,2,1
URSUS-19-0000-2019-93a,CA0190000,5/21/2019,12:28,LYNWOOD,LOS ANGELES,CA,90262,FALSE,FALSE,FALSE,TRUE,call_for_service,,1,1,1
URSUS-19-0000-2019-947,CA0190000,9/24/2019,10:15,PALMDALE,LOS ANGELES,CA,93552,FALSE,FALSE,TRUE,TRUE,call_for_service,,1,1,1
URSUS-19-0000-2019-95d,CA0190000,9/9/2019,00:10,LOS ANGELES,LOS ANGELES,CA,90044,FALSE,FALSE,FALSE,TRUE,in_custody_event,awaiting_booking,1,3,1
URSUS-19-0000-2019-97a,CA0190000,7/10/2019,22:18,COMMERCE,LOS ANGELES,CA,90040,FALSE,FALSE,TRUE,TRUE,vehicle_bike_pedestrian,,1,1,1
URSUS-19-0000-2019-98c,CA0190000,8/25/2019,01:04,ROWLAND HEIGHTS,LOS ANGELES,CA,91748,FALSE,FALSE,TRUE,TRUE,vehicle_bike_pedestrian,,1,1,1
URSUS-19-0000-2019-a80,CA0190000,7/31/2019,23:25,LOS ANGELES,LOS ANGELES,CA,90063,FALSE,FALSE,TRUE,TRUE,vehicle_bike_pedestrian,,1,2,1
URSUS-19-0000-2019-ab1,CA0190000,5/17/2019,17:17,ALTADENA,LOS ANGELES,CA,91001,FALSE,FALSE,FALSE,TRUE,call_for_service,,1,6,1
URSUS-19-0000-2019-abc,CA0190000,6/27/2019,22:58,EAST LOS ANGELES,LOS ANGELES,CA,90022,FALSE,FALSE,FALSE,TRUE,vehicle_bike_pedestrian,,1,1,1
URSUS-19-0000-2019-ace,CA0190000,8/2/2019,09:29,SOUTH GATE,LOS ANGELES,CA,90280,FALSE,FALSE,TRUE,TRUE,in_progress,,1,2,1
URSUS-19-0000-2019-b37,CA0190000,10/23/2019,09:25,PALMDALE,LOS ANGELES,CA,93550,TRUE,FALSE,TRUE,TRUE,pre_planned,,1,6,1
URSUS-19-0000-2019-b4b,CA0190000,8/1/2019,01:00,LOS ANGELES,LOS ANGELES,CA,90043,FALSE,FALSE,FALSE,TRUE,vehicle_bike_pedestrian,,1,1,1
URSUS-19-0000-2019-b62,CA0190000,4/22/2019,18:25,PALMDALE,LOS ANGELES,CA,93551,FALSE,FALSE,TRUE,TRUE,vehicle_bike_pedestrian,,1,2,1
URSUS-19-0000-2019-be2,CA0190000,9/2/2019,02:06,COMMERCE,LOS ANGELES,CA,90040,FALSE,FALSE,TRUE,TRUE,call_for_service,,2,2,1
URSUS-19-0000-2019-be5,CA0190000,10/3/2019,15:25,LOS ANGELES,LOS ANGELES,CA,90012,FALSE,FALSE,TRUE,TRUE,in_custody_event,booked_awaiting_trial,1,1,1
URSUS-19-0000-2019-bee,CA0190000,6/14/2019,19:00,PEARBLOSSOM,LOS ANGELES,CA,93553,FALSE,FALSE,TRUE,TRUE,vehicle_bike_pedestrian,,1,1,1
URSUS-19-0000-2019-bf2,CA0190000,4/4/2019,21:20,WHITTIER,LOS ANGELES,CA,90604,FALSE,FALSE,TRUE,TRUE,call_for_service,,1,2,1
URSUS-19-0000-2019-c26,CA0190000,11/29/2019,02:40,SANTA MONICA,LOS ANGELES,CA,90401,FALSE,FALSE,TRUE,TRUE,call_for_service,,1,2,1
URSUS-19-0000-2019-c34,CA0190000,6/6/2019,22:27,INGLEWOOD,LOS ANGELES,CA,90303,FALSE,FALSE,FALSE,TRUE,vehicle_bike_pedestrian,,1,2,1
URSUS-19-0000-2019-cca,CA0190000,6/18/2019,10:29,LONG BEACH,LOS ANGELES,CA,90810,FALSE,FALSE,TRUE,TRUE,in_progress,,2,7,1
URSUS-19-0000-2019-ccd,CA0190000,1/30/2019,01:48,LOS ANGELES,LOS ANGELES,CA,90012,FALSE,FALSE,FALSE,TRUE,in_custody_event,booked_no_charge,1,4,1
URSUS-19-0000-2019-e12,CA0190000,5/3/2019,01:00,WEST HOLLYWOOD,LOS ANGELES,CA,90069,FALSE,FALSE,TRUE,TRUE,call_for_service,,1,6,1
URSUS-19-0000-2019-e85,CA0190000,8/8/2019,09:45,SOUTH EL MONTE,LOS ANGELES,CA,91733,FALSE,FALSE,TRUE,TRUE,pre_planned,,1,3,1
URSUS-19-0000-2019-ea0,CA0190000,7/10/2019,21:00,PALMDALE,LOS ANGELES,CA,93550,FALSE,FALSE,TRUE,TRUE,vehicle_bike_pedestrian,,1,4,1
URSUS-19-0000-2019-ead,CA0190000,12/16/2019,17:38,LOS ANGELES,LOS ANGELES,CA,90063,FALSE,FALSE,FALSE,TRUE,vehicle_bike_pedestrian,,1,2,1
URSUS-19-0000-2019-edb,CA0190000,4/13/2019,12:20,LOS ANGELES,LOS ANGELES,CA,90012,FALSE,FALSE,FALSE,TRUE,in_custody_event,sentenced,1,5,1
URSUS-19-0000-2019-f5d,CA0190000,10/10/2019,11:16,BELL GARDENS,LOS ANGELES,CA,90201,FALSE,FALSE,FALSE,TRUE,vehicle_bike_pedestrian,,1,1,1
URSUS-19-0100-2019-e41,CA0190100,2/26/2019,19:55,ALHAMBRA,LOS ANGELES,CA,91801,FALSE,FALSE,FALSE,TRUE,call_for_service,,1,2,1
URSUS-19-013G-2019-322,CA019013G,10/22/2019,12:45,CARSON,LOS ANGELES,CA,90745,FALSE,FALSE,FALSE,TRUE,pre_planned,,1,1,1
URSUS-19-0500-2019-3f2,CA0190500,9/5/2019,21:09,AZUSA,LOS ANGELES,CA,91702,FALSE,FALSE,TRUE,TRUE,call_for_service,,2,1,1
URSUS-19-0B00-2019-31e,CA0190B00,4/12/2019,14:50,LOS ANGELES,LOS ANGELES,CA,90057,FALSE,FALSE,TRUE,TRUE,consensual,,1,1,1
URSUS-19-0B00-2019-585,CA0190B00,7/15/2019,11:10,LOS ANGELES,LOS ANGELES,CA,90003,FALSE,FALSE,TRUE,TRUE,in_progress,,1,1,1
URSUS-19-0J00-2019-965,CA0190J00,12/6/2019,22:30,LOS ANGELES,LOS ANGELES,CA,90045,FALSE,FALSE,TRUE,FALSE,consensual,,1,1,1
URSUS-19-1600-2019-18d,CA0191600,9/19/2019,21:21,COVINA,LOS ANGELES,CA,91722,FALSE,FALSE,TRUE,TRUE,call_for_service,,1,3,1
URSUS-19-2000-2019-dcc,CA0192000,5/10/2019,14:45,VERNON,LOS ANGELES,CA,90058,FALSE,FALSE,FALSE,TRUE,pre_planned,,1,6,2
URSUS-19-2200-2019-988,CA0192200,12/3/2019,12:25,EL MONTE,LOS ANGELES,CA,91733,FALSE,FALSE,FALSE,TRUE,welfare_check,,1,1,1
URSUS-19-2200-2019-ee5,CA0192200,10/13/2019,14:40,EL MONTE,LOS ANGELES,CA,91731,FALSE,FALSE,FALSE,TRUE,call_for_service,,1,4,1
URSUS-19-2400-2019-5c7,CA0192400,5/13/2019,21:46,GARDENA,LOS ANGELES,CA,90249,FALSE,FALSE,FALSE,TRUE,call_for_service,,1,1,1
URSUS-19-2500-2019-71c,CA0192500,2/1/2019,13:53,GLENDALE,LOS ANGELES,CA,91207,FALSE,FALSE,TRUE,TRUE,call_for_service,booked_awaiting_trial,1,1,1
URSUS-19-2600-2019-92e,CA0192600,9/6/2019,12:14,GLENDORA,LOS ANGELES,CA,91740,FALSE,FALSE,TRUE,TRUE,in_progress,,1,1,1
URSUS-19-2800-2019-3a4,CA0192800,4/7/2019,09:18,LAWNDALE,LOS ANGELES,CA,90260,TRUE,FALSE,TRUE,TRUE,call_for_service,,1,1,1
URSUS-19-2800-2019-697,CA0192800,4/7/2019,17:57,HAWTHORNE,LOS ANGELES,CA,90250,FALSE,FALSE,TRUE,TRUE,in_progress,,1,1,1
URSUS-19-2900-2019-54a,CA0192900,5/17/2019,22:42,HERMOSA BEACH,LOS ANGELES,CA,90254,FALSE,FALSE,TRUE,TRUE,consensual,,1,2,1
URSUS-19-2900-2019-df5,CA0192900,11/18/2019,19:45,HERMOSA BEACH,LOS ANGELES,CA,90254,FALSE,FALSE,TRUE,TRUE,in_custody_event,booked_awaiting_trial,1,4,1
URSUS-19-3300-2019-0a2,CA0193300,3/27/2019,15:26,INGLEWOOD,LOS ANGELES,CA,90301,FALSE,FALSE,TRUE,TRUE,call_for_service,,1,2,1
URSUS-19-4100-2019-0ab,CA0194100,6/18/2019,17:35,LONG BEACH,LOS ANGELES,CA,90802,FALSE,FALSE,FALSE,TRUE,call_for_service,,1,1,1
URSUS-19-4100-2019-1da,CA0194100,4/7/2019,18:18,LONG BEACH,LOS ANGELES,CA,90813,FALSE,FALSE,TRUE,TRUE,call_for_service,,1,1,1
URSUS-19-4100-2019-1dd,CA0194100,3/19/2019,07:47,LONG BEACH,LOS ANGELES,CA,90803,FALSE,FALSE,TRUE,TRUE,call_for_service,,1,3,1
URSUS-19-4100-2019-217,CA0194100,12/10/2019,16:58,LONG BEACH,LOS ANGELES,CA,90810,FALSE,FALSE,TRUE,TRUE,call_for_service,,1,2,1
URSUS-19-4100-2019-2b5,CA0194100,10/23/2019,00:20,LONG BEACH,LOS ANGELES,CA,90805,FALSE,FALSE,TRUE,TRUE,in_progress,,1,1,1
URSUS-19-4100-2019-318,CA0194100,12/29/2019,22:02,LONG BEACH,LOS ANGELES,CA,90813,FALSE,FALSE,TRUE,TRUE,call_for_service,,1,4,1
URSUS-19-4100-2019-3a3,CA0194100,3/2/2019,18:30,LONG BEACH,LOS ANGELES,CA,90802,FALSE,FALSE,TRUE,TRUE,call_for_service,,1,1,1
URSUS-19-4100-2019-41b,CA0194100,8/27/2019,17:19,LONG BEACH,LOS ANGELES,CA,90813,FALSE,FALSE,TRUE,TRUE,in_progress,,1,2,1
URSUS-19-4100-2019-4e6,CA0194100,2/23/2019,00:57,LONG BEACH,LOS ANGELES,CA,90813,FALSE,FALSE,TRUE,TRUE,in_progress,,1,1,1
URSUS-19-4100-2019-62a,CA0194100,2/9/2019,23:34,LONG BEACH,LOS ANGELES,CA,90802,FALSE,FALSE,FALSE,TRUE,vehicle_bike_pedestrian,,1,1,1
URSUS-19-4100-2019-786,CA0194100,9/19/2019,23:30,LONG BEACH,LOS ANGELES,CA,90804,FALSE,FALSE,TRUE,TRUE,in_progress,,1,2,1
URSUS-19-4100-2019-7d3,CA0194100,8/7/2019,03:23,LONG BEACH,LOS ANGELES,CA,90813,FALSE,FALSE,TRUE,TRUE,call_for_service,,1,2,1
URSUS-19-4100-2019-942,CA0194100,12/16/2019,13:52,LONG BEACH,LOS ANGELES,CA,90813,FALSE,FALSE,TRUE,TRUE,call_for_service,,1,1,1
URSUS-19-4100-2019-a49,CA0194100,8/4/2019,22:18,LONG BEACH,LOS ANGELES,CA,90813,FALSE,FALSE,TRUE,TRUE,vehicle_bike_pedestrian,,1,4,1
URSUS-19-4100-2019-aee,CA0194100,7/7/2019,23:36,LONG BEACH,LOS ANGELES,CA,90804,FALSE,FALSE,TRUE,TRUE,call_for_service,,1,3,1
URSUS-19-4100-2019-b2f,CA0194100,11/11/2019,13:20,LONG BEACH,LOS ANGELES,CA,90813,FALSE,FALSE,TRUE,TRUE,vehicle_bike_pedestrian,,1,1,1
URSUS-19-4100-2019-be4,CA0194100,8/22/2019,00:16,LONG BEACH,LOS ANGELES,CA,90803,FALSE,FALSE,TRUE,TRUE,vehicle_bike_pedestrian,,1,3,1
URSUS-19-4100-2019-cf8,CA0194100,9/28/2019,09:23,LONG BEACH,LOS ANGELES,CA,90805,FALSE,FALSE,TRUE,TRUE,call_for_service,,1,2,1
URSUS-19-4100-2019-d41,CA0194100,2/28/2019,15:20,LONG BEACH,LOS ANGELES,CA,90804,FALSE,FALSE,TRUE,TRUE,call_for_service,,1,1,1
URSUS-19-4100-2019-fc6,CA0194100,6/14/2019,22:03,LONG BEACH,LOS ANGELES,CA,90813,FALSE,FALSE,TRUE,TRUE,vehicle_bike_pedestrian,,1,1,1
URSUS-19-4200-2019-08e,CA0194200,10/22/2019,21:39,LOS ANGELES,LOS ANGELES,CA,90033,FALSE,FALSE,TRUE,TRUE,in_progress,,2,3,1
URSUS-19-4200-2019-0bf,CA0194200,8/27/2019,22:30,LOS ANGELES,LOS ANGELES,CA,91335,FALSE,FALSE,TRUE,TRUE,call_for_service,,1,3,1
URSUS-19-4200-2019-103,CA0194200,6/1/2019,19:01,LOS ANGELES,LOS ANGELES,CA,90744,FALSE,FALSE,TRUE,TRUE,call_for_service,,1,7,1
URSUS-19-4200-2019-10b,CA0194200,10/1/2019,21:15,LOS ANGELES,LOS ANGELES,CA,91324,FALSE,FALSE,TRUE,TRUE,call_for_service,,1,11,1
URSUS-19-4200-2019-140,CA0194200,1/11/2019,05:20,LOS ANGELES,LOS ANGELES,CA,91402,FALSE,FALSE,FALSE,FALSE,call_for_service,,1,5,1
URSUS-19-4200-2019-152,CA0194200,5/20/2019,23:03,LOS ANGELES,LOS ANGELES,CA,90061,FALSE,FALSE,TRUE,TRUE,in_progress,,1,2,1
URSUS-19-4200-2019-1a8,CA0194200,11/9/2019,16:30,LOS ANGELES,LOS ANGELES,CA,90291,FALSE,FALSE,TRUE,TRUE,call_for_service,,1,4,1
URSUS-19-4200-2019-1c0,CA0194200,8/2/2019,02:00,LOS ANGELES,LOS ANGELES,CA,91402,FALSE,FALSE,TRUE,TRUE,call_for_service,,1,5,1
URSUS-19-4200-2019-1d5,CA0194200,10/16/2019,07:35,LOS ANGELES,LOS ANGELES,CA,90012,FALSE,FALSE,TRUE,TRUE,call_for_service,,1,6,1
URSUS-19-4200-2019-2eb,CA0194200,8/19/2019,22:00,LOS ANGELES,LOS ANGELES,CA,90037,FALSE,FALSE,TRUE,TRUE,call_for_service,,1,9,1
URSUS-19-4200-2019-2ef,CA0194200,2/26/2019,12:09,LOS ANGELES,LOS ANGELES,CA,90013,FALSE,FALSE,TRUE,TRUE,call_for_service,,1,6,1
URSUS-19-4200-2019-34b,CA0194200,4/30/2019,22:56,LOS ANGELES,LOS ANGELES,CA,90059,FALSE,FALSE,FALSE,TRUE,call_for_service,,1,9,1
URSUS-19-4200-2019-354,CA0194200,6/30/2019,01:05,LOS ANGELES,LOS ANGELES,CA,90044,FALSE,FALSE,TRUE,TRUE,call_for_service,,1,2,1
URSUS-19-4200-2019-361,CA0194200,6/14/2019,22:55,LOS ANGELES,LOS ANGELES,CA,90731,FALSE,FALSE,TRUE,TRUE,call_for_service,,1,5,1
URSUS-19-4200-2019-444,CA0194200,5/10/2019,09:49,LOS ANGELES,LOS ANGELES,CA,90019,FALSE,FALSE,TRUE,TRUE,call_for_service,,1,7,1
URSUS-19-4200-2019-47f,CA0194200,7/26/2019,23:21,LOS ANGELES,LOS ANGELES,CA,90037,FALSE,FALSE,TRUE,TRUE,in_progress,,1,1,1
URSUS-19-4200-2019-509,CA0194200,6/4/2019,06:10,PLAYA DEL REY,LOS ANGELES,CA,90291,FALSE,FALSE,TRUE,TRUE,in_progress,,1,4,1
URSUS-19-4200-2019-59b,CA0194200,11/19/2019,08:13,LOS ANGELES,LOS ANGELES,CA,90011,FALSE,FALSE,FALSE,TRUE,consensual,,1,2,1
URSUS-19-4200-2019-5b6,CA0194200,8/12/2019,12:20,LOS ANGELES,LOS ANGELES,CA,90036,FALSE,FALSE,TRUE,TRUE,call_for_service,,1,6,1
URSUS-19-4200-2019-5d2,CA0194200,7/2/2019,08:45,LOS ANGELES,LOS ANGELES,CA,90049,FALSE,FALSE,TRUE,TRUE,call_for_service,,1,2,1
URSUS-19-4200-2019-5e7,CA0194200,6/5/2019,16:49,LOS ANGELES,LOS ANGELES,CA,90033,FALSE,FALSE,TRUE,TRUE,vehicle_bike_pedestrian,,1,2,1
URSUS-19-4200-2019-5f4,CA0194200,5/28/2019,23:17,LOS ANGELES,LOS ANGELES,CA,90028,FALSE,FALSE,FALSE,FALSE,call_for_service,,1,1,1
URSUS-19-4200-2019-613,CA0194200,3/26/2019,08:20,LOS ANGELES,LOS ANGELES,CA,90272,FALSE,FALSE,TRUE,FALSE,call_for_service,,1,5,1
URSUS-19-4200-2019-62b,CA0194200,2/14/2019,06:52,LOS ANGELES,LOS ANGELES,CA,90017,FALSE,FALSE,FALSE,TRUE,consensual,,1,1,1
URSUS-19-4200-2019-638,CA0194200,4/10/2019,19:45,LOS ANGELES,LOS ANGELES,CA,90065,FALSE,FALSE,TRUE,TRUE,call_for_service,,1,4,1
URSUS-19-4200-2019-659,CA0194200,8/14/2019,17:50,LOS ANGELES,LOS ANGELES,CA,90291,FALSE,FALSE,TRUE,TRUE,consensual,,1,5,1
URSUS-19-4200-2019-67f,CA0194200,9/24/2019,19:23,LOS ANGELES,LOS ANGELES,CA,90008,FALSE,FALSE,TRUE,TRUE,call_for_service,,1,2,1
URSUS-19-4200-2019-681,CA0194200,3/15/2019,18:35,TUJUNGA,LOS ANGELES,CA,91042,FALSE,FALSE,TRUE,FALSE,in_progress,,1,4,1
URSUS-19-4200-2019-69b,CA0194200,9/23/2019,18:23,LOS ANGELES,LOS ANGELES,CA,90744,FALSE,FALSE,FALSE,TRUE,call_for_service,,1,3,1
URSUS-19-4200-2019-766,CA0194200,3/9/2019,07:20,LOS ANGELES,LOS ANGELES,CA,91304,FALSE,FALSE,TRUE,TRUE,call_for_service,,1,4,1
URSUS-19-4200-2019-78e,CA0194200,10/14/2019,13:15,LOS ANGELES,LOS ANGELES,CA,91606,FALSE,FALSE,TRUE,TRUE,in_progress,,1,2,1
URSUS-19-4200-2019-7d9,CA0194200,8/19/2019,16:32,LOS ANGELES,LOS ANGELES,CA,91331,FALSE,FALSE,FALSE,TRUE,call_for_service,,1,3,1
URSUS-19-4200-2019-7f5,CA0194200,7/2/2019,17:00,LOS ANGELES,LOS ANGELES,CA,90011,FALSE,FALSE,TRUE,TRUE,in_progress,,1,4,1
URSUS-19-4200-2019-876,CA0194200,4/14/2019,14:15,LOS ANGELES,LOS ANGELES,CA,90014,FALSE,FALSE,FALSE,TRUE,in_progress,,1,2,1
URSUS-19-4200-2019-898,CA0194200,7/16/2019,18:43,LOS ANGELES,LOS ANGELES,CA,90004,FALSE,FALSE,TRUE,TRUE,call_for_service,,1,3,1
URSUS-19-4200-2019-8a7,CA0194200,10/26/2019,22:20,LOS ANGELES,LOS ANGELES,CA,90011,FALSE,FALSE,TRUE,TRUE,call_for_service,,1,4,1
URSUS-19-4200-2019-8b6,CA0194200,10/16/2019,10:23,LOS ANGELES,LOS ANGELES,CA,91411,FALSE,FALSE,FALSE,TRUE,pre_planned,,1,1,1
URSUS-19-4200-2019-8b8,CA0194200,3/4/2019,15:26,LOS ANGELES,LOS ANGELES,CA,90021,FALSE,FALSE,TRUE,FALSE,call_for_service,,1,4,1
URSUS-19-4200-2019-8f8,CA0194200,5/1/2019,13:00,LOS ANGELES,LOS ANGELES,CA,90291,FALSE,FALSE,TRUE,TRUE,call_for_service,,1,4,1
URSUS-19-4200-2019-925,CA0194200,6/28/2019,19:00,LOS ANGELES,LOS ANGELES,CA,90059,FALSE,FALSE,TRUE,TRUE,in_progress,,3,13,1
URSUS-19-4200-2019-95b,CA0194200,1/12/2019,21:26,LOS ANGELES,LOS ANGELES,CA,90046,FALSE,FALSE,FALSE,TRUE,call_for_service,,1,3,1
URSUS-19-4200-2019-965,CA0194200,4/2/2019,23:33,LOS ANGELES,LOS ANGELES,CA,90033,FALSE,FALSE,TRUE,TRUE,in_progress,,1,4,1
URSUS-19-4200-2019-977,CA0194200,5/13/2019,11:49,LOS ANGELES,LOS ANGELES,CA,90744,FALSE,FALSE,FALSE,FALSE,call_for_service,,1,3,1
URSUS-19-4200-2019-9d8,CA0194200,6/14/2019,19:45,CORONA,RIVERSIDE,CA,92879,FALSE,FALSE,FALSE,TRUE,in_progress,,1,1,1
URSUS-19-4200-2019-a7c,CA0194200,4/26/2019,10:55,LOS ANGELES,LOS ANGELES,CA,90044,FALSE,FALSE,FALSE,TRUE,in_progress,,1,1,1
URSUS-19-4200-2019-aaf,CA0194200,11/29/2019,19:10,LOS ANGELES,LOS ANGELES,CA,90033,FALSE,FALSE,TRUE,TRUE,in_progress,,1,2,1
URSUS-19-4200-2019-aed,CA0194200,2/26/2019,12:43,LOS ANGELES,LOS ANGELES,CA,91604,FALSE,FALSE,TRUE,TRUE,call_for_service,,1,4,1
URSUS-19-4200-2019-b09,CA0194200,1/12/2019,21:45,LOS ANGELES,LOS ANGELES,CA,90037,FALSE,FALSE,TRUE,TRUE,in_progress,,1,4,1
URSUS-19-4200-2019-b0e,CA0194200,12/1/2019,02:02,LOS ANGELES,LOS ANGELES,CA,90021,FALSE,FALSE,TRUE,TRUE,call_for_service,,1,2,1
URSUS-19-4200-2019-b51,CA0194200,3/24/2019,02:50,LOS ANGELES,LOS ANGELES,CA,91402,FALSE,FALSE,TRUE,TRUE,call_for_service,,1,5,1
URSUS-19-4200-2019-b89,CA0194200,4/22/2019,06:45,LOS ANGELES,LOS ANGELES,CA,90043,FALSE,FALSE,FALSE,TRUE,call_for_service,,1,3,1
URSUS-19-4200-2019-ba4,CA0194200,6/6/2019,12:24,LOS ANGELES,LOS ANGELES,CA,90039,FALSE,FALSE,FALSE,TRUE,call_for_service,,1,2,1
URSUS-19-4200-2019-bdc,CA0194200,8/18/2019,23:25,LOS ANGELES,LOS ANGELES,CA,90032,FALSE,FALSE,FALSE,TRUE,in_progress,,1,3,1
URSUS-19-4200-2019-be7,CA0194200,3/13/2019,16:49,LOS ANGELES,LOS ANGELES,CA,90033,FALSE,FALSE,TRUE,FALSE,in_progress,,1,2,1
URSUS-19-4200-2019-c06,CA0194200,11/25/2019,11:21,LOS ANGELES,LOS ANGELES,CA,90028,FALSE,FALSE,FALSE,TRUE,call_for_service,,1,4,1
URSUS-19-4200-2019-c0e,CA0194200,2/14/2019,03:27,LOS ANGELES,LOS ANGELES,CA,90014,FALSE,FALSE,FALSE,TRUE,consensual,,1,1,1
URSUS-19-4200-2019-c54,CA0194200,1/27/2019,14:10,LOS ANGELES,LOS ANGELES,CA,91402,FALSE,FALSE,TRUE,TRUE,call_for_service,,1,2,1
URSUS-19-4200-2019-d1d,CA0194200,11/17/2019,02:55,PANORAMA CITY,LOS ANGELES,CA,91402,FALSE,FALSE,TRUE,FALSE,call_for_service,,1,2,1
URSUS-19-4200-2019-d1e,CA0194200,4/26/2019,12:55,LOS ANGELES,LOS ANGELES,CA,90006,FALSE,FALSE,TRUE,TRUE,consensual,,1,6,1
URSUS-19-4200-2019-d8d,CA0194200,4/20/2019,21:21,LOS ANGELES,LOS ANGELES,CA,90058,FALSE,FALSE,TRUE,TRUE,in_progress,,1,2,1
URSUS-19-4200-2019-de0,CA0194200,5/26/2019,08:07,LOS ANGELES,LOS ANGELES,CA,91335,FALSE,FALSE,TRUE,TRUE,call_for_service,,1,1,1
URSUS-19-4200-2019-de1,CA0194200,12/21/2019,01:30,LOS ANGELES,LOS ANGELES,CA,90044,FALSE,FALSE,TRUE,TRUE,call_for_service,,1,3,1
URSUS-19-4200-2019-e81,CA0194200,5/27/2019,21:32,LOS ANGELES,LOS ANGELES,CA,90710,FALSE,FALSE,TRUE,TRUE,call_for_service,,1,4,1
URSUS-19-4200-2019-e88,CA0194200,7/25/2019,16:23,LOS ANGELES,LOS ANGELES,CA,90003,FALSE,FALSE,FALSE,FALSE,call_for_service,,1,4,1
URSUS-19-4400-2019-7cf,CA0194400,10/11/2019,16:55,MANHATTAN BEACH,LOS ANGELES,CA,90266,FALSE,FALSE,TRUE,TRUE,call_for_service,,1,2,1
URSUS-19-4700-2019-2df,CA0194700,3/9/2019,03:03,EAST LOS ANGELES,LOS ANGELES,CA,90022,FALSE,FALSE,TRUE,TRUE,in_progress,,1,1,1
URSUS-19-4700-2019-854,CA0194700,5/9/2019,13:32,MONTEBELLO,LOS ANGELES,CA,90640,FALSE,FALSE,FALSE,TRUE,call_for_service,,1,2,1
URSUS-19-5300-2019-2ca,CA0195300,1/11/2019,15:30,PASADENA,LOS ANGELES,CA,91103,FALSE,FALSE,TRUE,TRUE,pre_planned,,1,1,1
URSUS-19-5300-2019-68d,CA0195300,5/2/2019,23:03,ALTADENA,LOS ANGELES,CA,91001,FALSE,FALSE,TRUE,TRUE,vehicle_bike_pedestrian,,1,1,1
URSUS-19-5300-2019-8e1,CA0195300,6/21/2019,23:13,PASADENA,LOS ANGELES,CA,91105,FALSE,FALSE,TRUE,TRUE,vehicle_bike_pedestrian,,1,1,1
URSUS-19-5300-2019-992,CA0195300,5/17/2019,18:27,PASADENA,LOS ANGELES,CA,91103,FALSE,FALSE,FALSE,TRUE,call_for_service,,1,3,1
URSUS-19-5600-2019-3a5,CA0195600,9/15/2019,19:15,REDONDO BEACH,LOS ANGELES,CA,90277,FALSE,FALSE,TRUE,TRUE,call_for_service,,1,1,1
URSUS-19-5600-2019-408,CA0195600,8/19/2019,19:04,REDONDO BEACH,LOS ANGELES,CA,90277,FALSE,FALSE,FALSE,FALSE,call_for_service,,1,1,1
URSUS-19-5600-2019-813,CA0195600,7/12/2019,18:04,REDONDO BEACH,LOS ANGELES,CA,90278,FALSE,FALSE,TRUE,TRUE,call_for_service,,1,2,1
URSUS-19-6500-2019-480,CA0196500,9/12/2019,18:12,SANTA MONICA,LOS ANGELES,CA,90405,FALSE,FALSE,TRUE,TRUE,in_progress,,1,2,1
URSUS-19-6500-2019-55e,CA0196500,10/20/2019,23:50,SANTA MONICA,LOS ANGELES,CA,90404,FALSE,FALSE,FALSE,TRUE,in_progress,,1,1,1
URSUS-19-6500-2019-6e8,CA0196500,10/21/2019,12:30,SANTA MONICA,LOS ANGELES,CA,90403,FALSE,FALSE,TRUE,TRUE,in_progress,,1,1,1
URSUS-19-6500-2019-80a,CA0196500,9/20/2019,05:45,SANTA MONICA,LOS ANGELES,CA,90404,FALSE,FALSE,TRUE,TRUE,in_progress,,1,1,1
URSUS-19-6500-2019-b34,CA0196500,12/27/2019,17:54,SANTA MONICA,LOS ANGELES,CA,90402,FALSE,FALSE,TRUE,TRUE,in_progress,,1,1,1
URSUS-19-6500-2019-d09,CA0196500,7/14/2019,02:10,SANTA MONICA,LOS ANGELES,CA,90405,FALSE,FALSE,TRUE,TRUE,in_progress,,1,1,1
URSUS-19-6500-2019-d95,CA0196500,9/2/2019,19:05,SANTA MONICA,LOS ANGELES,CA,90401,FALSE,FALSE,TRUE,TRUE,in_progress,,1,1,1
URSUS-19-6900-2019-87b,CA0196900,1/29/2019,08:57,SOUTH GATE,LOS ANGELES,CA,90280,FALSE,FALSE,TRUE,TRUE,in_progress,,1,2,1
URSUS-19-7200-2019-f9f,CA0197200,5/14/2019,20:48,TORRANCE,LOS ANGELES,CA,90503,FALSE,FALSE,TRUE,TRUE,civil_disorder,,1,2,1
URSUS-19-7300-2019-1bf,CA0197300,8/4/2019,20:40,MAYWOOD,LOS ANGELES,CA,90270,FALSE,FALSE,TRUE,TRUE,vehicle_bike_pedestrian,,1,5,1
URSUS-19-7500-2019-069,CA0197500,11/7/2019,02:40,WEST COVINA,LOS ANGELES,CA,91790,FALSE,FALSE,TRUE,TRUE,vehicle_bike_pedestrian,,1,2,1
URSUS-19-7500-2019-62c,CA0197500,4/22/2019,18:09,ARCADIA,LOS ANGELES,CA,91006,FALSE,FALSE,TRUE,TRUE,in_progress,,1,1,1
URSUS-19-7500-2019-a11,CA0197500,8/24/2019,21:54,WEST COVINA,LOS ANGELES,CA,91793,FALSE,FALSE,TRUE,TRUE,in_progress,,1,1,1
URSUS-19-7600-2019-810,CA0197600,3/3/2019,02:36,WHITTIER,LOS ANGELES,CA,90602,FALSE,FALSE,TRUE,TRUE,call_for_service,,1,3,1
URSUS-20-0200-2019-0de,CA0200200,2/7/2019,22:38,MADERA,MADERA,CA,93638,FALSE,FALSE,FALSE,TRUE,call_for_service,,1,4,1
URSUS-20-0200-2019-a83,CA0200200,1/31/2019,19:14,MADERA,MADERA,CA,93638,FALSE,FALSE,TRUE,TRUE,call_for_service,,1,1,1
URSUS-23-0000-2019-639,CA0230000,10/10/2019,12:54,REDWOOD VALLEY,MENDOCINO,CA,95470,FALSE,FALSE,TRUE,TRUE,in_progress,,1,3,1
URSUS-24-0000-2019-178,CA0240000,9/4/2019,15:17,S DOS PALOS,MERCED,CA,93665,FALSE,FALSE,TRUE,TRUE,in_progress,,1,1,1
URSUS-24-0000-2019-ff1,CA0240000,11/15/2019,18:20,LOS BANOS,MERCED,CA,93635,FALSE,FALSE,FALSE,TRUE,in_progress,,1,1,1
URSUS-24-0600-2019-f9e,CA0240600,7/21/2019,00:53,MERCED,MERCED,CA,95340,FALSE,FALSE,TRUE,TRUE,vehicle_bike_pedestrian,,1,1,1
URSUS-27-0300-2019-38c,CA0270300,6/6/2019,19:59,GONZALES,MONTEREY,CA,93926,FALSE,FALSE,TRUE,TRUE,consensual,,1,3,1
URSUS-27-0800-2019-437,CA0270800,3/1/2019,10:35,SALINAS,MONTEREY,CA,93905,FALSE,FALSE,FALSE,TRUE,in_progress,,1,3,1
URSUS-27-0800-2019-616,CA0270800,2/1/2019,22:29,SALINAS,MONTEREY,CA,93905,FALSE,FALSE,TRUE,TRUE,in_progress,,1,7,1
URSUS-27-0800-2019-948,CA0270800,12/29/2019,20:06,SALINAS,MONTEREY,CA,93905,FALSE,FALSE,FALSE,TRUE,in_progress,,1,2,1
URSUS-27-0800-2019-f77,CA0270800,12/11/2019,21:00,GONZALES,MONTEREY,CA,93926,FALSE,FALSE,TRUE,TRUE,vehicle_bike_pedestrian,,1,9,2
URSUS-28-0000-2019-937,CA0280000,2/17/2019,22:59,NAPA,NAPA,CA,94559,FALSE,FALSE,FALSE,TRUE,welfare_check,,1,1,1
URSUS-28-0200-2019-0f8,CA0280200,9/19/2019,02:36,NAPA,NAPA,CA,94559,FALSE,FALSE,TRUE,TRUE,in_progress,,1,1,1
URSUS-28-0200-2019-434,CA0280200,6/3/2019,14:28,NAPA,NAPA,CA,94559,FALSE,FALSE,TRUE,TRUE,in_progress,,1,2,1
URSUS-28-0200-2019-9ac,CA0280200,4/10/2019,09:53,NAPA,NAPA,CA,94559,FALSE,FALSE,TRUE,TRUE,vehicle_bike_pedestrian,,1,1,1
URSUS-29-0100-2019-d55,CA0290100,4/8/2019,07:11,GRASS VALLEY,NEVADA,CA,95945,FALSE,FALSE,TRUE,TRUE,welfare_check,,1,1,1
URSUS-30-0000-2019-04f,CA0300000,4/20/2019,00:33,MISSION VIEJO,ORANGE,CA,92692,FALSE,FALSE,TRUE,TRUE,call_for_service,,1,4,1
URSUS-30-0000-2019-060,CA0300000,4/3/2019,22:43,FULLERTON,ORANGE,CA,92831,FALSE,FALSE,TRUE,TRUE,pre_planned,,1,1,1
URSUS-30-0000-2019-0b3,CA0300000,7/15/2019,08:47,LA MIRADA,ORANGE,CA,90638,FALSE,FALSE,FALSE,FALSE,call_for_service,,1,2,1
URSUS-30-0000-2019-162,CA0300000,4/23/2019,09:30,LAKE FOREST,ORANGE,CA,92630,FALSE,FALSE,TRUE,TRUE,vehicle_bike_pedestrian,,1,2,1
URSUS-30-0000-2019-1f0,CA0300000,11/19/2019,02:30,ANAHEIM,ORANGE,CA,92804,FALSE,FALSE,TRUE,TRUE,call_for_service,,1,1,1
URSUS-30-0000-2019-215,CA0300000,9/29/2019,15:30,SANTA ANA,ORANGE,CA,92703,FALSE,FALSE,FALSE,FALSE,in_custody_event,other,8,7,1
URSUS-30-0000-2019-24c,CA0300000,1/23/2019,01:56,STANTON,ORANGE,CA,90680,FALSE,FALSE,TRUE,TRUE,ambush,,1,2,1
URSUS-30-0000-2019-2fd,CA0300000,8/21/2019,19:39,STANTON,ORANGE,CA,90680,FALSE,FALSE,FALSE,FALSE,call_for_service,,1,2,1
URSUS-30-0000-2019-39f,CA0300000,9/11/2019,17:00,LAKE FOREST,ORANGE,CA,92630,FALSE,FALSE,TRUE,TRUE,vehicle_bike_pedestrian,,1,2,1
URSUS-30-0000-2019-45f,CA0300000,1/20/2019,01:40,DANA POINT,ORANGE,CA,92624,FALSE,FALSE,TRUE,TRUE,call_for_service,,1,1,1
URSUS-30-0000-2019-466,CA0300000,12/5/2019,17:05,FULLERTON,ORANGE,CA,92831,FALSE,FALSE,TRUE,TRUE,pre_planned,,1,3,1
URSUS-30-0000-2019-4a8,CA0300000,8/14/2019,18:00,SANTA ANA,ORANGE,CA,92703,FALSE,FALSE,TRUE,TRUE,in_custody_event,booked_awaiting_trial,1,10,1
URSUS-30-0000-2019-64b,CA0300000,12/31/2019,23:15,LAGUNA NIGUEL,ORANGE,CA,92607,FALSE,FALSE,TRUE,TRUE,call_for_service,,1,2,1
URSUS-30-0000-2019-67e,CA0300000,11/5/2019,12:55,LAKE FOREST,ORANGE,CA,92630,FALSE,FALSE,TRUE,TRUE,call_for_service,,1,1,1
URSUS-30-0000-2019-6cb,CA0300000,8/8/2019,14:00,GARDEN GROVE,ORANGE,CA,92844,FALSE,FALSE,TRUE,TRUE,vehicle_bike_pedestrian,,2,3,1
URSUS-30-0000-2019-6d1,CA0300000,11/2/2019,22:36,LAKE FOREST,ORANGE,CA,92610,FALSE,FALSE,TRUE,TRUE,call_for_service,,1,2,1
URSUS-30-0000-2019-803,CA0300000,1/19/2019,04:30,SANTA ANA,ORANGE,CA,92703,FALSE,FALSE,TRUE,TRUE,in_custody_event,awaiting_booking,1,2,1
URSUS-30-0000-2019-857,CA0300000,7/12/2019,11:00,FULLERTON,ORANGE,CA,92832,FALSE,FALSE,TRUE,TRUE,in_custody_event,out_of_court,1,7,1
URSUS-30-0000-2019-a22,CA0300000,4/5/2019,15:20,ORANGEVALE,ORANGE,CA,92868,FALSE,FALSE,TRUE,FALSE,in_custody_event,booked_awaiting_trial,4,5,1
URSUS-30-0000-2019-be2,CA0300000,7/18/2019,21:17,SAN CLEMENTE,ORANGE,CA,92672,FALSE,FALSE,TRUE,TRUE,call_for_service,,1,3,1
URSUS-30-0000-2019-c7e,CA0300000,2/9/2019,12:50,RANCHO SANTA MARGARITA,ORANGE,CA,92688,FALSE,FALSE,TRUE,TRUE,call_for_service,,2,3,1
URSUS-30-0000-2019-d9b,CA0300000,4/3/2019,10:43,STANTON,ORANGE,CA,90680,FALSE,FALSE,TRUE,TRUE,call_for_service,,1,3,1
URSUS-30-0000-2019-e1f,CA0300000,12/8/2019,21:45,ORANGEVALE,ORANGE,CA,92865,FALSE,FALSE,TRUE,TRUE,call_for_service,,1,1,1
URSUS-30-0000-2019-e35,CA0300000,3/16/2019,12:40,ORANGEVALE,ORANGE,CA,92868,FALSE,FALSE,TRUE,TRUE,in_custody_event,booked_awaiting_trial,1,4,1
URSUS-30-0000-2019-f59,CA0300000,8/2/2019,04:30,SANTA ANA,ORANGE,CA,92703,FALSE,FALSE,TRUE,TRUE,in_custody_event,awaiting_booking,1,4,1
URSUS-30-0100-2019-bcc,CA0300100,12/12/2019,22:20,ANAHEIM,ORANGE,CA,92805,FALSE,FALSE,FALSE,FALSE,call_for_service,,1,3,1
URSUS-30-0100-2019-dd3,CA0300100,4/4/2019,09:00,ANAHEIM,ORANGE,CA,92801,FALSE,FALSE,FALSE,FALSE,pre_planned,,1,1,1
URSUS-30-0100-2019-e7d,CA0300100,3/15/2019,10:37,ANAHEIM,ORANGE,CA,92805,FALSE,FALSE,FALSE,FALSE,in_progress,,1,2,1
URSUS-30-0200-2019-036,CA0300200,7/12/2019,19:14,BREA,ORANGE,CA,92821,FALSE,FALSE,TRUE,TRUE,call_for_service,,1,1,1
URSUS-30-0300-2019-666,CA0300300,8/19/2019,11:37,FULLERTON,ORANGE,CA,92833,FALSE,FALSE,FALSE,TRUE,vehicle_bike_pedestrian,,1,2,1
URSUS-30-0400-2019-c30,CA0300400,12/31/2019,15:41,COSTA MESA,ORANGE,CA,92627,FALSE,FALSE,TRUE,TRUE,call_for_service,,1,2,1
URSUS-30-0700-2019-d1c,CA0300700,11/27/2019,00:20,HUNTINGTON BEACH,ORANGE,CA,92646,FALSE,FALSE,TRUE,TRUE,call_for_service,,1,1,1
URSUS-30-0800-2019-4c9,CA0300800,7/5/2019,19:03,ANAHEIM,ORANGE,CA,92805,FALSE,FALSE,TRUE,TRUE,in_progress,,1,1,1
URSUS-30-0800-2019-e64,CA0300800,2/11/2019,17:24,FULLERTON,ORANGE,CA,92833,FALSE,FALSE,TRUE,TRUE,in_progress,,1,1,1
URSUS-30-0900-2019-2c4,CA0300900,8/22/2019,03:41,WESTMINSTER,ORANGE,CA,92683,FALSE,FALSE,TRUE,TRUE,pre_planned,,1,3,1
URSUS-30-0900-2019-fd8,CA0300900,5/18/2019,01:57,GARDEN GROVE,ORANGE,CA,92840,FALSE,FALSE,TRUE,TRUE,call_for_service,other,1,2,1
URSUS-30-1200-2019-388,CA0301200,9/26/2019,02:30,LA HABRA,ORANGE,CA,90631,FALSE,FALSE,TRUE,TRUE,in_progress,,1,2,1
URSUS-30-1400-2019-152,CA0301400,12/18/2019,23:47,NEWPORT BEACH,ORANGE,CA,92663,FALSE,FALSE,TRUE,TRUE,vehicle_bike_pedestrian,,1,1,1
URSUS-30-1400-2019-4b1,CA0301400,3/24/2019,13:00,NEWPORT BEACH,ORANGE,CA,92663,FALSE,FALSE,TRUE,TRUE,call_for_service,,1,1,1
URSUS-30-1400-2019-a41,CA0301400,6/30/2019,06:38,NEWPORT BEACH,ORANGE,CA,92660,FALSE,FALSE,TRUE,TRUE,in_progress,,1,1,1
URSUS-30-1400-2019-ba8,CA0301400,7/7/2019,14:48,NEWPORT BEACH,ORANGE,CA,92660,FALSE,FALSE,TRUE,TRUE,call_for_service,,1,1,1
URSUS-30-1500-2019-0b6,CA0301500,1/31/2019,02:40,ORANGE,ORANGE,CA,92868,FALSE,FALSE,TRUE,TRUE,vehicle_bike_pedestrian,,1,2,1
URSUS-30-1500-2019-d4b,CA0301500,12/12/2019,11:22,ORANGE,ORANGE,CA,92867,FALSE,FALSE,FALSE,TRUE,call_for_service,,1,2,1
URSUS-30-1900-2019-dc4,CA0301900,3/11/2019,21:00,SANTA ANA,ORANGE,CA,92707,FALSE,FALSE,TRUE,TRUE,pre_planned,,1,1,1
URSUS-30-2200-2019-083,CA0302200,3/11/2019,23:38,TUSTIN,ORANGE,CA,92780,FALSE,FALSE,TRUE,TRUE,vehicle_bike_pedestrian,,1,4,1
URSUS-30-2200-2019-09b,CA0302200,7/9/2019,08:16,TUSTIN,ORANGE,CA,92780,FALSE,FALSE,TRUE,TRUE,call_for_service,,1,2,1
URSUS-30-2200-2019-ab3,CA0302200,8/1/2019,20:22,TUSTIN,ORANGE,CA,92780,FALSE,FALSE,TRUE,TRUE,pre_planned,other,1,1,1
URSUS-31-0000-2019-608,CA0310000,11/6/2019,08:06,AUBURN,PLACER,CA,95603,FALSE,FALSE,TRUE,TRUE,in_progress,,1,1,1
URSUS-31-0000-2019-9c4,CA0310000,5/1/2019,17:50,ROSEVILLE,PLACER,CA,95678,FALSE,FALSE,FALSE,FALSE,in_custody_event,booked_awaiting_trial,1,1,1
URSUS-31-0500-2019-ad2,CA0310500,1/15/2019,10:35,ROSEVILLE,PLACER,CA,95678,FALSE,FALSE,FALSE,TRUE,in_progress,,1,6,3
URSUS-32-0000-2019-329,CA0320000,11/26/2019,16:19,QUINCY,PLUMAS,CA,95971,FALSE,FALSE,TRUE,TRUE,in_progress,,1,1,1
URSUS-32-0000-2019-ab4,CA0320000,12/18/2019,17:18,PORTOLA,PLUMAS,CA,96122,TRUE,FALSE,TRUE,TRUE,call_for_service,,1,2,1
URSUS-33-0000-2019-0a7,CA0330000,6/8/2019,04:35,LA QUINTA,RIVERSIDE,CA,92253,FALSE,FALSE,TRUE,TRUE,call_for_service,,1,1,1
URSUS-33-0000-2019-0a9,CA0330000,8/2/2019,01:38,LA QUINTA,RIVERSIDE,CA,92253,FALSE,FALSE,TRUE,TRUE,in_progress,,1,3,1
URSUS-33-0000-2019-14c,CA0330000,11/16/2019,17:44,LAKE ELSINORE,RIVERSIDE,CA,92530,FALSE,FALSE,FALSE,TRUE,in_progress,,1,1,1
URSUS-33-0000-2019-171,CA0330000,6/11/2019,19:11,RIVERSIDE,RIVERSIDE,CA,92503,FALSE,FALSE,FALSE,TRUE,call_for_service,,1,3,1
URSUS-33-0000-2019-24e,CA0330000,3/13/2019,03:40,MEAD VALLEY,RIVERSIDE,CA,92570,FALSE,FALSE,TRUE,TRUE,vehicle_bike_pedestrian,,1,1,1
URSUS-33-0000-2019-2a0,CA0330000,3/29/2019,00:27,DESERT HOT SPRINGS,RIVERSIDE,CA,92240,FALSE,FALSE,TRUE,TRUE,in_progress,,1,1,1
URSUS-33-0000-2019-3da,CA0330000,5/15/2019,15:34,LA QUINTA,RIVERSIDE,CA,92253,FALSE,FALSE,TRUE,TRUE,in_progress,,1,2,1
URSUS-33-0000-2019-528,CA0330000,1/28/2019,10:30,LAKE ELSINORE,RIVERSIDE,CA,92530,FALSE,FALSE,TRUE,TRUE,in_progress,,1,3,1
URSUS-33-0000-2019-578,CA0330000,1/13/2019,18:57,MORENO VALLEY,RIVERSIDE,CA,92555,FALSE,FALSE,TRUE,TRUE,call_for_service,,1,2,1
URSUS-33-0000-2019-66e,CA0330000,1/5/2019,22:11,RIVERSIDE,RIVERSIDE,CA,92508,FALSE,FALSE,FALSE,TRUE,in_progress,,1,1,1
URSUS-33-0000-2019-6c2,CA0330000,3/4/2019,16:55,RANCHO MIRAGE,RIVERSIDE,CA,92270,FALSE,FALSE,FALSE,TRUE,in_progress,,1,2,1
URSUS-33-0000-2019-6ca,CA0330000,2/13/2019,16:37,LAKE ELSINORE,RIVERSIDE,CA,92530,FALSE,FALSE,TRUE,TRUE,vehicle_bike_pedestrian,,1,2,1
URSUS-33-0000-2019-705,CA0330000,5/3/2019,20:30,HEMET,RIVERSIDE,CA,92544,FALSE,FALSE,TRUE,TRUE,call_for_service,,1,1,1
URSUS-33-0000-2019-a3d,CA0330000,10/20/2019,22:10,MORENO VALLEY,RIVERSIDE,CA,92553,FALSE,FALSE,TRUE,TRUE,in_progress,,1,1,1
URSUS-33-0000-2019-aad,CA0330000,7/9/2019,19:28,RANCHO MIRAGE,RIVERSIDE,CA,92270,FALSE,FALSE,FALSE,TRUE,in_progress,,1,2,1
URSUS-33-0000-2019-c4d,CA0330000,1/5/2019,02:23,MORENO VALLEY,RIVERSIDE,CA,92553,FALSE,FALSE,TRUE,TRUE,vehicle_bike_pedestrian,,1,3,1
URSUS-33-0000-2019-c7a,CA0330000,6/1/2019,21:30,RIVERSIDE,RIVERSIDE,CA,92503,FALSE,FALSE,TRUE,TRUE,ambush,,1,1,1
URSUS-33-0000-2019-cbf,CA0330000,6/20/2019,09:51,COACHELLA,RIVERSIDE,CA,92236,FALSE,FALSE,TRUE,TRUE,in_progress,,1,2,1
URSUS-33-0000-2019-d44,CA0330000,1/16/2019,19:28,LA QUINTA,RIVERSIDE,CA,92253,FALSE,FALSE,TRUE,TRUE,call_for_service,,1,1,1
URSUS-33-0000-2019-d86,CA0330000,6/6/2019,06:15,MENIFEE,RIVERSIDE,CA,92584,FALSE,FALSE,FALSE,TRUE,in_progress,,1,5,2
URSUS-33-0000-2019-deb,CA0330000,3/24/2019,02:30,MORENO VALLEY,RIVERSIDE,CA,92557,FALSE,FALSE,TRUE,TRUE,call_for_service,,1,1,1
URSUS-33-0000-2019-e66,CA0330000,4/30/2019,20:32,PERRIS,RIVERSIDE,CA,92571,FALSE,FALSE,FALSE,TRUE,in_progress,,1,1,1
URSUS-33-0000-2019-ecc,CA0330000,1/20/2019,11:06,LA QUINTA,RIVERSIDE,CA,92253,FALSE,FALSE,TRUE,TRUE,call_for_service,,1,2,1
URSUS-33-0100-2019-32d,CA0330100,2/7/2019,23:34,BANNING,RIVERSIDE,CA,92220,FALSE,FALSE,FALSE,FALSE,call_for_service,,1,1,1
URSUS-33-0200-2019-5d4,CA0330200,8/9/2019,18:35,BEAUMONT,RIVERSIDE,CA,92223,FALSE,FALSE,FALSE,TRUE,call_for_service,,1,2,1
URSUS-33-0600-2019-4ba,CA0330600,7/25/2019,03:23,DESERT HOT SPRINGS,RIVERSIDE,CA,92240,FALSE,FALSE,TRUE,TRUE,vehicle_bike_pedestrian,,1,1,1
URSUS-33-0800-2019-4a6,CA0330800,1/2/2019,21:46,HEMET,RIVERSIDE,CA,92543,FALSE,FALSE,FALSE,TRUE,vehicle_bike_pedestrian,,1,1,1
URSUS-33-0900-2019-2d3,CA0330900,4/19/2019,22:20,BERMUDA DUNES,RIVERSIDE,CA,92203,FALSE,FALSE,TRUE,TRUE,in_progress,,1,3,1
URSUS-33-0900-2019-5f9,CA0330900,8/13/2019,09:30,INDIO,RIVERSIDE,CA,92201,FALSE,FALSE,TRUE,TRUE,call_for_service,,1,1,1
URSUS-33-0900-2019-a2c,CA0330900,4/10/2019,15:40,INDIO,RIVERSIDE,CA,92201,FALSE,FALSE,TRUE,TRUE,in_progress,,1,3,1
URSUS-33-0900-2019-a5b,CA0330900,4/30/2019,05:55,INDIO,RIVERSIDE,CA,92201,FALSE,FALSE,TRUE,TRUE,call_for_service,,1,1,1
URSUS-33-1100-2019-147,CA0331100,1/13/2019,03:45,PALM SPRINGS,RIVERSIDE,CA,92262,FALSE,TRUE,TRUE,TRUE,call_for_service,,1,2,1
URSUS-33-1100-2019-233,CA0331100,8/8/2019,16:18,PALM SPRINGS,RIVERSIDE,CA,92264,FALSE,FALSE,TRUE,TRUE,call_for_service,,1,2,1
URSUS-33-1100-2019-727,CA0331100,9/9/2019,22:30,PALM SPRINGS,RIVERSIDE,CA,92262,FALSE,FALSE,TRUE,TRUE,call_for_service,,1,2,1
URSUS-33-1100-2019-be3,CA0331100,5/5/2019,17:29,PALM SPRINGS,RIVERSIDE,CA,92262,FALSE,FALSE,TRUE,TRUE,call_for_service,,1,1,1
URSUS-33-1300-2019-068,CA0331300,8/20/2019,15:21,RIVERSIDE,RIVERSIDE,CA,92503,FALSE,FALSE,TRUE,TRUE,consensual,,1,1,1
URSUS-33-1300-2019-119,CA0331300,8/12/2019,17:38,RIVERSIDE,RIVERSIDE,CA,92507,FALSE,FALSE,TRUE,TRUE,vehicle_bike_pedestrian,,1,8,3
URSUS-33-1300-2019-14b,CA0331300,6/30/2019,01:39,RIVERSIDE,RIVERSIDE,CA,92504,FALSE,FALSE,TRUE,TRUE,call_for_service,,1,6,1
URSUS-33-1300-2019-315,CA0331300,1/13/2019,22:37,RIVERSIDE,RIVERSIDE,CA,92507,FALSE,FALSE,TRUE,TRUE,in_progress,,1,1,1
URSUS-33-1300-2019-357,CA0331300,8/18/2019,10:51,RIVERSIDE,RIVERSIDE,CA,92506,FALSE,FALSE,TRUE,TRUE,call_for_service,,1,3,1
URSUS-33-1300-2019-3ad,CA0331300,11/3/2019,02:08,RIVERSIDE,RIVERSIDE,CA,92507,FALSE,FALSE,TRUE,TRUE,vehicle_bike_pedestrian,,1,2,1
URSUS-33-1300-2019-3d3,CA0331300,3/24/2019,03:07,RIVERSIDE,RIVERSIDE,CA,92504,FALSE,FALSE,TRUE,TRUE,call_for_service,,1,1,1
URSUS-33-1300-2019-75a,CA0331300,8/12/2019,17:44,RIVERSIDE,RIVERSIDE,CA,92504,FALSE,FALSE,TRUE,TRUE,call_for_service,,1,2,1
URSUS-33-1300-2019-79b,CA0331300,9/27/2019,10:06,RIVERSIDE,RIVERSIDE,CA,92501,FALSE,FALSE,TRUE,TRUE,call_for_service,,1,4,1
URSUS-33-1300-2019-834,CA0331300,11/28/2019,07:43,RIVERSIDE,RIVERSIDE,CA,92501,FALSE,FALSE,TRUE,TRUE,call_for_service,,1,6,1
URSUS-33-1300-2019-a03,CA0331300,8/11/2019,00:45,RIVERSIDE,RIVERSIDE,CA,92501,FALSE,FALSE,TRUE,TRUE,in_progress,,1,4,1
URSUS-33-1300-2019-a07,CA0331300,4/13/2019,22:49,RIVERSIDE,RIVERSIDE,CA,92507,FALSE,FALSE,TRUE,TRUE,in_progress,,1,3,1
URSUS-33-1300-2019-a31,CA0331300,9/4/2019,22:27,RIVERSIDE,RIVERSIDE,CA,92506,FALSE,FALSE,TRUE,TRUE,call_for_service,,1,1,1
URSUS-33-1300-2019-c45,CA0331300,1/19/2019,19:11,RIVERSIDE,RIVERSIDE,CA,92503,FALSE,FALSE,TRUE,TRUE,vehicle_bike_pedestrian,,1,2,1
URSUS-33-1300-2019-e52,CA0331300,9/4/2019,02:01,RIVERSIDE,RIVERSIDE,CA,92505,FALSE,FALSE,TRUE,TRUE,vehicle_bike_pedestrian,,1,1,1
URSUS-33-1500-2019-038,CA0331500,9/10/2019,17:56,CORONA,RIVERSIDE,CA,92882,FALSE,FALSE,TRUE,TRUE,call_for_service,,1,1,1
URSUS-33-1500-2019-1c4,CA0331500,4/12/2019,19:50,CORONA,RIVERSIDE,CA,92881,FALSE,FALSE,TRUE,TRUE,vehicle_bike_pedestrian,,1,1,1
URSUS-33-1500-2019-63c,CA0331500,11/22/2019,16:23,CORONA,RIVERSIDE,CA,92882,FALSE,FALSE,TRUE,TRUE,call_for_service,,1,2,1
URSUS-33-1500-2019-70a,CA0331500,9/1/2019,17:34,CORONA,RIVERSIDE,CA,92882,FALSE,FALSE,TRUE,TRUE,call_for_service,,1,2,1
URSUS-33-2500-2019-556,CA0332500,12/16/2019,20:19,CATHEDRAL CITY,RIVERSIDE,CA,92234,FALSE,FALSE,TRUE,TRUE,call_for_service,,1,1,1
URSUS-33-2500-2019-569,CA0332500,1/13/2019,15:42,CATHEDRAL CITY,RIVERSIDE,CA,92234,FALSE,FALSE,FALSE,TRUE,call_for_service,,1,1,1
URSUS-33-4200-2019-45a,CA0334200,7/22/2019,00:42,MURRIETA,RIVERSIDE,CA,92563,FALSE,FALSE,TRUE,TRUE,call_for_service,,1,3,1
URSUS-33-4200-2019-ccc,CA0334200,2/7/2019,11:23,MURRIETA,RIVERSIDE,CA,92562,FALSE,FALSE,TRUE,TRUE,pre_planned,,1,2,1
URSUS-34-0000-2019-4c4,CA0340000,12/22/2019,12:30,RIO LINDA,SACRAMENTO,CA,95673,FALSE,FALSE,TRUE,TRUE,call_for_service,,1,1,1
URSUS-34-0000-2019-516,CA0340000,5/21/2019,12:12,SACRAMENTO,SACRAMENTO,CA,95814,FALSE,FALSE,FALSE,FALSE,in_custody_event,other,1,1,1
URSUS-34-0000-2019-562,CA0340000,2/25/2019,23:10,SACRAMENTO,SACRAMENTO,CA,95814,FALSE,FALSE,FALSE,FALSE,in_custody_event,awaiting_booking,1,2,1
URSUS-34-0000-2019-6bd,CA0340000,10/6/2019,02:15,HERALD,SACRAMENTO,CA,95638,FALSE,FALSE,FALSE,TRUE,call_for_service,,1,1,1
URSUS-34-0000-2019-7fb,CA0340000,10/27/2019,12:32,CARMICHAEL,SACRAMENTO,CA,95608,FALSE,FALSE,FALSE,TRUE,call_for_service,,1,3,1
URSUS-34-0000-2019-89c,CA0340000,11/21/2019,23:04,SACRAMENTO,SACRAMENTO,CA,95825,FALSE,FALSE,FALSE,FALSE,call_for_service,,1,1,1
URSUS-34-0000-2019-bc5,CA0340000,12/1/2019,19:13,ORANGEVALE,SACRAMENTO,CA,95662,FALSE,FALSE,TRUE,TRUE,call_for_service,,1,1,1
URSUS-34-0400-2019-04a,CA0340400,4/25/2019,12:19,SACRAMENTO,SACRAMENTO,CA,95816,FALSE,FALSE,TRUE,TRUE,call_for_service,,1,1,1
URSUS-34-0400-2019-083,CA0340400,5/15/2019,02:39,SACRAMENTO,SACRAMENTO,CA,95828,FALSE,FALSE,TRUE,TRUE,pre_planned,,1,1,1
URSUS-34-0400-2019-123,CA0340400,4/25/2019,22:27,SACRAMENTO,SACRAMENTO,CA,95831,FALSE,FALSE,TRUE,TRUE,call_for_service,,1,1,1
URSUS-34-0400-2019-306,CA0340400,2/28/2019,04:04,SACRAMENTO,SACRAMENTO,CA,95819,FALSE,FALSE,FALSE,FALSE,call_for_service,,1,3,1
URSUS-34-0400-2019-3c3,CA0340400,10/1/2019,06:51,SACRAMENTO,SACRAMENTO,CA,95814,FALSE,FALSE,TRUE,TRUE,call_for_service,,1,4,1
URSUS-34-0400-2019-677,CA0340400,12/18/2019,18:54,SACRAMENTO,SACRAMENTO,CA,95811,FALSE,FALSE,FALSE,TRUE,call_for_service,,2,1,1
URSUS-34-0400-2019-7a0,CA0340400,6/18/2019,14:46,SACRAMENTO,SACRAMENTO,CA,95815,FALSE,FALSE,TRUE,TRUE,pre_planned,,1,2,1
URSUS-34-0400-2019-7cc,CA0340400,6/19/2019,18:10,SACRAMENTO,SACRAMENTO,CA,95815,FALSE,FALSE,TRUE,TRUE,call_for_service,,1,10,2
URSUS-34-0400-2019-933,CA0340400,3/12/2019,23:10,SACRAMENTO,SACRAMENTO,CA,95815,FALSE,FALSE,TRUE,TRUE,vehicle_bike_pedestrian,,1,3,1
URSUS-34-0400-2019-973,CA0340400,6/12/2019,01:16,SACRAMENTO,SACRAMENTO,CA,95823,FALSE,FALSE,TRUE,TRUE,call_for_service,,1,1,1
URSUS-34-0400-2019-b65,CA0340400,4/5/2019,17:27,SACRAMENTO,SACRAMENTO,CA,95827,FALSE,FALSE,TRUE,TRUE,vehicle_bike_pedestrian,,1,1,1
URSUS-34-0C00-2019-b12,CA0340C00,6/5/2019,08:31,GOLD RIVER,SACRAMENTO,CA,95670,FALSE,FALSE,TRUE,TRUE,pre_planned,,1,1,1
URSUS-34-0H00-2019-142,CA0340H00,4/19/2019,14:59,ELK GROVE,SACRAMENTO,CA,95624,FALSE,FALSE,TRUE,TRUE,consensual,,1,1,1
URSUS-34-0H00-2019-164,CA0340H00,6/5/2019,20:43,ELK GROVE,SACRAMENTO,CA,95624,FALSE,FALSE,TRUE,TRUE,in_progress,,2,3,1
URSUS-34-0H00-2019-69d,CA0340H00,1/17/2019,10:56,SACRAMENTO,SACRAMENTO,CA,95828,FALSE,FALSE,TRUE,TRUE,consensual,,1,2,1
URSUS-34-0H00-2019-6c2,CA0340H00,4/20/2019,23:08,ELK GROVE,SACRAMENTO,CA,95758,FALSE,FALSE,TRUE,TRUE,in_progress,,1,2,1
URSUS-34-1200-2019-26f,CA0341200,6/22/2019,18:57,BIG SUR,MONTEREY,CA,93920,FALSE,FALSE,FALSE,TRUE,in_progress,,1,2,1
URSUS-34-9600-2019-11d,CA0349600,3/11/2019,07:44,CITRUS HEIGHTS,SACRAMENTO,CA,95610,FALSE,FALSE,TRUE,TRUE,call_for_service,,1,2,1
URSUS-34-9600-2019-c0d,CA0349600,7/9/2019,19:25,CITRUS HEIGHTS,SACRAMENTO,CA,95610,FALSE,FALSE,FALSE,TRUE,call_for_service,,1,2,1
URSUS-34-9900-2019-081,CA0349900,7/23/2019,19:00,SALINAS,MONTEREY,CA,93908,FALSE,FALSE,FALSE,TRUE,call_for_service,,1,2,1
URSUS-34-9900-2019-0dc,CA0349900,10/5/2019,16:00,PIRU,VENTURA,CA,93040,FALSE,FALSE,FALSE,FALSE,ambush,,1,1,1
URSUS-34-9900-2019-135,CA0349900,4/24/2019,21:29,SANTA BARBARA,SANTA BARBARA,CA,93110,FALSE,FALSE,TRUE,TRUE,in_progress,,1,1,1
URSUS-34-9900-2019-327,CA0349900,8/27/2019,09:09,OAKLAND,ALAMEDA,CA,94611,FALSE,FALSE,TRUE,TRUE,in_progress,,1,3,1
URSUS-34-9900-2019-3ee,CA0349900,8/30/2019,11:21,BAKERSFIELD,KERN,CA,93307,FALSE,FALSE,TRUE,TRUE,call_for_service,,1,5,1
URSUS-34-9900-2019-462,CA0349900,10/8/2019,23:34,CASTRO VALLEY,ALAMEDA,CA,94552,FALSE,FALSE,TRUE,TRUE,consensual,,1,2,1
URSUS-34-9900-2019-465,CA0349900,7/5/2019,06:08,OAK VIEW,VENTURA,CA,93022,FALSE,FALSE,FALSE,TRUE,call_for_service,,1,1,1
URSUS-34-9900-2019-532,CA0349900,1/24/2019,12:22,RIVERSIDE,RIVERSIDE,CA,92504,FALSE,FALSE,TRUE,TRUE,consensual,,1,2,1
URSUS-34-9900-2019-583,CA0349900,9/5/2019,12:14,HURON,FRESNO,CA,93234,FALSE,FALSE,TRUE,TRUE,in_progress,,1,3,2
URSUS-34-9900-2019-5d6,CA0349900,8/5/2019,14:00,HAYFORK,TRINITY,CA,96041,FALSE,FALSE,TRUE,TRUE,pre_planned,,1,1,1
URSUS-34-9900-2019-6a7,CA0349900,7/1/2019,22:58,LINDSAY,TULARE,CA,93247,FALSE,FALSE,TRUE,TRUE,vehicle_bike_pedestrian,,1,2,1
URSUS-34-9900-2019-748,CA0349900,4/25/2019,04:55,SOLANA BEACH,SAN DIEGO,CA,92075,FALSE,FALSE,TRUE,TRUE,in_progress,,1,4,1
URSUS-34-9900-2019-78f,CA0349900,4/3/2019,10:12,LOS ANGELES,LOS ANGELES,CA,91352,FALSE,FALSE,TRUE,TRUE,vehicle_bike_pedestrian,,1,1,1
URSUS-34-9900-2019-7d6,CA0349900,1/12/2019,11:15,CALABASAS,LOS ANGELES,CA,91302,FALSE,FALSE,FALSE,TRUE,in_progress,,1,3,2
URSUS-34-9900-2019-859,CA0349900,7/17/2019,04:15,VICTORVILLE,SAN BERNARDINO,CA,92392,TRUE,FALSE,TRUE,TRUE,in_custody_event,other,1,2,1
URSUS-34-9900-2019-909,CA0349900,4/19/2019,01:50,STOCKTON,SAN JOAQUIN,CA,95212,FALSE,FALSE,FALSE,TRUE,in_progress,,1,1,1
URSUS-34-9900-2019-920,CA0349900,8/30/2019,18:29,ONTARIO,SAN BERNARDINO,CA,91762,FALSE,FALSE,FALSE,TRUE,consensual,,1,1,1
URSUS-34-9900-2019-963,CA0349900,3/10/2019,23:00,REDDING,SHASTA,CA,96002,FALSE,FALSE,FALSE,TRUE,call_for_service,,1,10,2
URSUS-34-9900-2019-9e2,CA0349900,4/27/2019,23:57,GARDENA,LOS ANGELES,CA,90248,FALSE,FALSE,TRUE,TRUE,vehicle_bike_pedestrian,,1,3,1
URSUS-34-9900-2019-9f7,CA0349900,3/26/2019,02:52,BLYTHE,RIVERSIDE,CA,92225,FALSE,FALSE,TRUE,TRUE,in_progress,,1,2,1
URSUS-34-9900-2019-a72,CA0349900,8/4/2019,19:42,ARVIN,KERN,CA,93203,FALSE,FALSE,FALSE,TRUE,in_progress,,1,1,1
URSUS-34-9900-2019-abc,CA0349900,3/29/2019,20:50,BURBANK,LOS ANGELES,CA,91523,FALSE,FALSE,TRUE,TRUE,in_progress,,1,11,2
URSUS-34-9900-2019-cd5,CA0349900,2/8/2019,05:04,BUTTONWILLOW,KERN,CA,93206,FALSE,FALSE,FALSE,TRUE,call_for_service,,1,1,1
URSUS-34-9900-2019-d6d,CA0349900,7/20/2019,16:40,REDDING,SHASTA,CA,96001,FALSE,FALSE,TRUE,TRUE,call_for_service,,1,3,1
URSUS-34-9900-2019-e11,CA0349900,10/31/2019,00:11,FRESNO,FRESNO,CA,93706,FALSE,FALSE,FALSE,TRUE,call_for_service,,1,1,1
URSUS-34-9900-2019-f6d,CA0349900,11/24/2019,15:06,PRUNEDALE,MONTEREY,CA,95076,FALSE,FALSE,TRUE,TRUE,vehicle_bike_pedestrian,,1,2,2
URSUS-34-9900-2019-faa,CA0349900,8/12/2019,11:21,VENTURA,VENTURA,CA,93001,FALSE,FALSE,FALSE,TRUE,in_progress,,1,1,1
URSUS-36-0000-2019-012,CA0360000,9/29/2019,21:39,YUCCA VALLEY,SAN BERNARDINO,CA,92284,FALSE,FALSE,FALSE,TRUE,call_for_service,,1,9,1
URSUS-36-0000-2019-015,CA0360000,12/20/2019,09:09,RANCHO CUCAMONGA,SAN BERNARDINO,CA,91739,FALSE,FALSE,TRUE,TRUE,in_custody_event,awaiting_booking,1,3,1
URSUS-36-0000-2019-11a,CA0360000,7/12/2019,10:18,YUCCA VALLEY,SAN BERNARDINO,CA,92284,FALSE,FALSE,TRUE,TRUE,call_for_service,,1,3,1
URSUS-36-0000-2019-133,CA0360000,7/20/2019,07:52,ADELANTO,SAN BERNARDINO,CA,92301,FALSE,FALSE,FALSE,TRUE,in_custody_event,booked_no_charge,1,1,1
URSUS-36-0000-2019-1ac,CA0360000,7/10/2019,11:10,ADELANTO,SAN BERNARDINO,CA,92301,FALSE,FALSE,FALSE,TRUE,call_for_service,,1,1,1
URSUS-36-0000-2019-1da,CA0360000,12/7/2019,08:00,ADELANTO,SAN BERNARDINO,CA,92301,FALSE,FALSE,TRUE,TRUE,in_custody_event,awaiting_booking,1,2,1
URSUS-36-0000-2019-219,CA0360000,7/16/2019,19:47,CHINO HILLS,SAN BERNARDINO,CA,91709,FALSE,FALSE,FALSE,TRUE,call_for_service,,1,3,1
URSUS-36-0000-2019-257,CA0360000,12/11/2019,15:00,PINON HILLS,SAN BERNARDINO,CA,92372,FALSE,FALSE,TRUE,TRUE,vehicle_bike_pedestrian,,1,1,1
URSUS-36-0000-2019-27e,CA0360000,8/3/2019,09:42,RANCHO CUCAMONGA,SAN BERNARDINO,CA,91730,FALSE,FALSE,TRUE,TRUE,call_for_service,,1,2,1
URSUS-36-0000-2019-281,CA0360000,7/17/2019,14:39,VICTORVILLE,SAN BERNARDINO,CA,92395,FALSE,FALSE,TRUE,TRUE,call_for_service,,1,6,1
URSUS-36-0000-2019-3bd,CA0360000,2/4/2019,08:48,ADELANTO,SAN BERNARDINO,CA,92301,FALSE,FALSE,FALSE,TRUE,in_custody_event,booked_no_charge,1,2,1
URSUS-36-0000-2019-42b,CA0360000,5/13/2019,12:00,BARSTOW,SAN BERNARDINO,CA,92311,FALSE,FALSE,TRUE,TRUE,vehicle_bike_pedestrian,,1,1,1
URSUS-36-0000-2019-446,CA0360000,11/1/2019,16:53,VICTORVILLE,SAN BERNARDINO,CA,92393,FALSE,FALSE,FALSE,TRUE,ambush,,1,1,1
URSUS-36-0000-2019-48b,CA0360000,12/10/2019,17:20,HESPERIA,SAN BERNARDINO,CA,92345,FALSE,FALSE,FALSE,TRUE,call_for_service,,1,1,1
URSUS-36-0000-2019-541,CA0360000,9/19/2019,10:23,RANCHO CUCAMONGA,SAN BERNARDINO,CA,91739,FALSE,FALSE,FALSE,TRUE,in_custody_event,booked_awaiting_trial,1,1,1
URSUS-36-0000-2019-5ee,CA0360000,8/10/2019,19:15,ADELANTO,SAN BERNARDINO,CA,92301,FALSE,FALSE,FALSE,TRUE,in_custody_event,awaiting_booking,1,1,1
URSUS-36-0000-2019-669,CA0360000,11/3/2019,00:46,RANCHO CUCAMONGA,SAN BERNARDINO,CA,91739,FALSE,FALSE,TRUE,TRUE,call_for_service,,1,3,1
URSUS-36-0000-2019-6a4,CA0360000,5/26/2019,07:25,PINON HILLS,SAN BERNARDINO,CA,92372,FALSE,FALSE,TRUE,TRUE,call_for_service,,1,1,1
URSUS-36-0000-2019-761,CA0360000,11/24/2019,21:00,BARSTOW,SAN BERNARDINO,CA,92311,FALSE,FALSE,TRUE,TRUE,call_for_service,,1,2,1
URSUS-36-0000-2019-7d3,CA0360000,10/20/2019,14:30,TWENTYNINE PALMS,SAN BERNARDINO,CA,92277,FALSE,FALSE,TRUE,TRUE,in_progress,,1,1,1
URSUS-36-0000-2019-7ee,CA0360000,9/4/2019,09:25,VICTORVILLE,SAN BERNARDINO,CA,92394,FALSE,FALSE,FALSE,TRUE,call_for_service,,1,1,1
URSUS-36-0000-2019-80b,CA0360000,5/10/2019,21:21,RANCHO CUCAMONGA,SAN BERNARDINO,CA,91739,FALSE,FALSE,FALSE,TRUE,in_custody_event,booked_no_charge,1,1,1
URSUS-36-0000-2019-841,CA0360000,1/23/2019,20:54,FONTANA,SAN BERNARDINO,CA,92335,FALSE,FALSE,TRUE,TRUE,call_for_service,,1,4,1
URSUS-36-0000-2019-891,CA0360000,5/21/2019,09:30,RANCHO CUCAMONGA,SAN BERNARDINO,CA,91730,FALSE,FALSE,TRUE,TRUE,call_for_service,,1,1,1
URSUS-36-0000-2019-928,CA0360000,11/5/2019,02:17,HESPERIA,SAN BERNARDINO,CA,92345,FALSE,FALSE,TRUE,TRUE,call_for_service,,1,2,1
URSUS-36-0000-2019-9e5,CA0360000,6/26/2019,00:21,SAN BERNARDINO,SAN BERNARDINO,CA,92404,FALSE,FALSE,TRUE,TRUE,call_for_service,,1,2,1
URSUS-36-0000-2019-a32,CA0360000,11/19/2019,08:16,YUCCA VALLEY,SAN BERNARDINO,CA,92284,FALSE,FALSE,FALSE,TRUE,call_for_service,,1,1,1
URSUS-36-0000-2019-ad9,CA0360000,10/19/2019,09:05,VICTORVILLE,SAN BERNARDINO,CA,92395,FALSE,FALSE,FALSE,TRUE,call_for_service,,1,3,1
URSUS-36-0000-2019-add,CA0360000,11/14/2019,09:22,RANCHO CUCAMONGA,SAN BERNARDINO,CA,91739,FALSE,FALSE,TRUE,TRUE,in_custody_event,awaiting_booking,1,2,1
URSUS-36-0000-2019-b37,CA0360000,10/8/2019,15:29,SAN BERNARDINO,SAN BERNARDINO,CA,92410,FALSE,FALSE,TRUE,TRUE,consensual,,1,1,1
URSUS-36-0000-2019-b5d,CA0360000,6/1/2019,01:26,SAN BERNARDINO,SAN BERNARDINO,CA,92346,FALSE,FALSE,TRUE,TRUE,consensual,,1,2,1
URSUS-36-0000-2019-bb4,CA0360000,9/27/2019,13:37,YUCCA VALLEY,SAN BERNARDINO,CA,92284,FALSE,FALSE,TRUE,TRUE,vehicle_bike_pedestrian,,1,1,1
URSUS-36-0000-2019-bc4,CA0360000,6/26/2019,12:42,YUCCA VALLEY,SAN BERNARDINO,CA,92284,FALSE,FALSE,FALSE,TRUE,call_for_service,,1,1,1
URSUS-36-0000-2019-bcc,CA0360000,9/4/2019,08:25,VICTORVILLE,SAN BERNARDINO,CA,92395,FALSE,FALSE,TRUE,TRUE,call_for_service,,1,3,1
URSUS-36-0000-2019-bfd,CA0360000,11/22/2019,18:54,RANCHO CUCAMONGA,SAN BERNARDINO,CA,91739,FALSE,FALSE,TRUE,TRUE,in_custody_event,booked_awaiting_trial,1,4,1
URSUS-36-0000-2019-c25,CA0360000,11/28/2019,08:33,CHINO HILLS,SAN BERNARDINO,CA,91709,FALSE,FALSE,TRUE,TRUE,call_for_service,,1,3,1
URSUS-36-0000-2019-c93,CA0360000,4/2/2019,14:50,COLTON,SAN BERNARDINO,CA,92324,FALSE,FALSE,FALSE,TRUE,in_custody_event,other,1,1,1
URSUS-36-0000-2019-cbc,CA0360000,2/23/2019,16:15,VICTORVILLE,SAN BERNARDINO,CA,92395,FALSE,FALSE,FALSE,TRUE,call_for_service,,1,8,1
URSUS-36-0000-2019-cc8,CA0360000,11/24/2019,06:35,YUCCA VALLEY,SAN BERNARDINO,CA,92284,FALSE,FALSE,TRUE,TRUE,call_for_service,,1,2,1
URSUS-36-0000-2019-ce4,CA0360000,6/14/2019,13:40,RANCHO CUCAMONGA,SAN BERNARDINO,CA,91739,FALSE,FALSE,TRUE,TRUE,in_custody_event,booked_no_charge,1,2,1
URSUS-36-0000-2019-dee,CA0360000,12/5/2019,10:00,SAN BERNARDINO,SAN BERNARDINO,CA,92408,FALSE,FALSE,FALSE,TRUE,call_for_service,,1,4,2
URSUS-36-0000-2019-df6,CA0360000,12/15/2019,23:40,SAN BERNARDINO,SAN BERNARDINO,CA,92407,FALSE,FALSE,FALSE,TRUE,vehicle_bike_pedestrian,,1,2,1
URSUS-36-0000-2019-e54,CA0360000,1/26/2019,19:46,TWENTYNINE PALMS,SAN BERNARDINO,CA,92277,FALSE,FALSE,TRUE,TRUE,in_progress,,1,2,1
URSUS-36-0000-2019-e71,CA0360000,10/15/2019,02:37,ADELANTO,SAN BERNARDINO,CA,92301,FALSE,FALSE,TRUE,TRUE,call_for_service,,2,1,1
URSUS-36-0000-2019-e74,CA0360000,7/16/2019,05:29,HESPERIA,SAN BERNARDINO,CA,92345,FALSE,FALSE,TRUE,TRUE,call_for_service,,1,1,1
URSUS-36-0000-2019-eba,CA0360000,11/4/2019,00:04,YUCAIPA,SAN BERNARDINO,CA,92399,FALSE,FALSE,TRUE,TRUE,vehicle_bike_pedestrian,,1,1,1
URSUS-36-0000-2019-ec3,CA0360000,4/7/2019,09:21,RANCHO CUCAMONGA,SAN BERNARDINO,CA,91739,FALSE,FALSE,TRUE,TRUE,in_custody_event,booked_awaiting_trial,1,3,1
URSUS-36-0000-2019-ed5,CA0360000,3/20/2019,11:39,FONTANA,SAN BERNARDINO,CA,92335,FALSE,FALSE,TRUE,TRUE,pre_planned,,1,2,1
URSUS-36-0000-2019-f1e,CA0360000,2/10/2019,15:04,YUCCA VALLEY,SAN BERNARDINO,CA,92284,FALSE,FALSE,TRUE,TRUE,welfare_check,,1,2,1
URSUS-36-0000-2019-f22,CA0360000,7/15/2019,08:12,YUCCA VALLEY,SAN BERNARDINO,CA,92284,FALSE,FALSE,TRUE,TRUE,in_progress,,1,2,1
URSUS-36-0000-2019-f62,CA0360000,5/4/2019,23:52,BARSTOW,SAN BERNARDINO,CA,92311,FALSE,FALSE,TRUE,TRUE,vehicle_bike_pedestrian,,1,1,1
URSUS-36-0000-2019-fa0,CA0360000,3/3/2019,16:28,ADELANTO,SAN BERNARDINO,CA,92301,FALSE,FALSE,TRUE,TRUE,in_custody_event,booked_no_charge,1,2,1
URSUS-36-0000-2019-fb8,CA0360000,9/28/2019,15:45,YUCAIPA,SAN BERNARDINO,CA,92399,FALSE,FALSE,TRUE,TRUE,pre_planned,,1,2,1
URSUS-36-0200-2019-8b9,CA0360200,7/3/2019,15:32,CHINO,SAN BERNARDINO,CA,91710,FALSE,FALSE,TRUE,TRUE,pre_planned,,1,1,1
URSUS-36-0400-2019-418,CA0360400,10/5/2019,16:00,SAN BERNARDINO,SAN BERNARDINO,CA,92405,FALSE,FALSE,TRUE,TRUE,pre_planned,,1,1,1
URSUS-36-0400-2019-69a,CA0360400,7/14/2019,09:04,FONTANA,SAN BERNARDINO,CA,92335,FALSE,FALSE,TRUE,TRUE,vehicle_bike_pedestrian,,1,1,1
URSUS-36-0400-2019-7cc,CA0360400,10/6/2019,19:50,FONTANA,SAN BERNARDINO,CA,92336,FALSE,FALSE,TRUE,TRUE,call_for_service,,1,2,1
URSUS-36-0500-2019-eba,CA0360500,2/1/2019,21:32,MONTCLAIR,SAN BERNARDINO,CA,91763,FALSE,FALSE,TRUE,TRUE,in_progress,,1,2,1
URSUS-36-0700-2019-03b,CA0360700,2/1/2019,17:15,ONTARIO,SAN BERNARDINO,CA,91762,FALSE,FALSE,TRUE,TRUE,call_for_service,,1,1,1
URSUS-36-0700-2019-0d2,CA0360700,9/12/2019,16:43,ONTARIO,SAN BERNARDINO,CA,91761,FALSE,FALSE,TRUE,TRUE,call_for_service,booked_awaiting_trial,1,1,1
URSUS-36-0700-2019-1bb,CA0360700,1/22/2019,08:37,ONTARIO,SAN BERNARDINO,CA,91762,FALSE,FALSE,TRUE,TRUE,vehicle_bike_pedestrian,,1,1,1
URSUS-36-0700-2019-41f,CA0360700,5/8/2019,15:42,ONTARIO,SAN BERNARDINO,CA,91762,FALSE,FALSE,TRUE,TRUE,call_for_service,,1,2,1
URSUS-36-0700-2019-877,CA0360700,12/14/2019,02:37,ONTARIO,SAN BERNARDINO,CA,91764,FALSE,FALSE,FALSE,TRUE,call_for_service,other,1,2,1
URSUS-36-0700-2019-8eb,CA0360700,7/3/2019,17:56,ONTARIO,SAN BERNARDINO,CA,91762,FALSE,FALSE,TRUE,TRUE,vehicle_bike_pedestrian,,1,2,1
URSUS-36-0700-2019-924,CA0360700,9/6/2019,15:45,ONTARIO,SAN BERNARDINO,CA,91762,FALSE,FALSE,TRUE,TRUE,call_for_service,,1,1,1
URSUS-36-0700-2019-c7d,CA0360700,2/11/2019,22:44,ONTARIO,SAN BERNARDINO,CA,91762,FALSE,FALSE,TRUE,TRUE,vehicle_bike_pedestrian,,1,2,1
URSUS-36-0700-2019-ca7,CA0360700,3/26/2019,12:59,ONTARIO,SAN BERNARDINO,CA,91761,FALSE,FALSE,TRUE,TRUE,call_for_service,booked_awaiting_trial,1,3,1
URSUS-36-0700-2019-ceb,CA0360700,4/24/2019,20:31,POMONA,LOS ANGELES,CA,91766,FALSE,FALSE,TRUE,TRUE,vehicle_bike_pedestrian,,1,1,1
URSUS-36-0700-2019-ee2,CA0360700,5/30/2019,14:20,ONTARIO,SAN BERNARDINO,CA,91762,FALSE,FALSE,FALSE,TRUE,call_for_service,,1,2,1
URSUS-36-0700-2019-fe1,CA0360700,7/19/2019,11:29,FONTANA,SAN BERNARDINO,CA,92335,FALSE,FALSE,TRUE,TRUE,pre_planned,,1,3,1
URSUS-36-0900-2019-9d8,CA0360900,6/29/2019,19:27,SAN BERNARDINO,SAN BERNARDINO,CA,92410,FALSE,FALSE,TRUE,TRUE,vehicle_bike_pedestrian,,1,1,1
URSUS-36-1000-2019-01d,CA0361000,3/13/2019,18:02,SAN BERNARDINO,SAN BERNARDINO,CA,92408,FALSE,FALSE,TRUE,TRUE,in_progress,,1,2,1
URSUS-36-1000-2019-0bc,CA0361000,4/11/2019,07:59,SAN BERNARDINO,SAN BERNARDINO,CA,92404,FALSE,FALSE,TRUE,TRUE,call_for_service,,1,3,2
URSUS-36-1000-2019-0db,CA0361000,3/15/2019,19:00,SAN BERNARDINO,SAN BERNARDINO,CA,92404,FALSE,FALSE,TRUE,TRUE,call_for_service,,1,2,1
URSUS-36-1000-2019-108,CA0361000,3/10/2019,23:17,SAN BERNARDINO,SAN BERNARDINO,CA,92410,FALSE,FALSE,TRUE,TRUE,call_for_service,,1,3,1
URSUS-36-1000-2019-197,CA0361000,2/23/2019,18:05,SAN BERNARDINO,SAN BERNARDINO,CA,92401,FALSE,FALSE,TRUE,TRUE,call_for_service,,1,2,1
URSUS-36-1000-2019-1a2,CA0361000,6/25/2019,13:12,SAN BERNARDINO,SAN BERNARDINO,CA,92404,FALSE,FALSE,TRUE,TRUE,consensual,,1,2,1
URSUS-36-1000-2019-260,CA0361000,2/7/2019,21:55,SAN BERNARDINO,SAN BERNARDINO,CA,92404,FALSE,FALSE,TRUE,TRUE,vehicle_bike_pedestrian,,1,3,1
URSUS-36-1000-2019-33e,CA0361000,1/7/2019,06:11,SAN BERNARDINO,SAN BERNARDINO,CA,92407,FALSE,FALSE,TRUE,TRUE,call_for_service,,1,3,1
URSUS-36-1000-2019-39e,CA0361000,2/7/2019,00:21,SAN BERNARDINO,SAN BERNARDINO,CA,92410,FALSE,FALSE,TRUE,TRUE,vehicle_bike_pedestrian,,1,1,1
URSUS-36-1000-2019-647,CA0361000,7/9/2019,08:57,SAN BERNARDINO,SAN BERNARDINO,CA,92404,FALSE,FALSE,TRUE,TRUE,consensual,,1,1,1
URSUS-36-1000-2019-666,CA0361000,4/22/2019,23:37,SAN BERNARDINO,SAN BERNARDINO,CA,92404,FALSE,FALSE,TRUE,TRUE,call_for_service,,1,3,1
URSUS-36-1000-2019-862,CA0361000,2/5/2019,22:43,SAN BERNARDINO,SAN BERNARDINO,CA,92410,FALSE,FALSE,TRUE,TRUE,call_for_service,,1,1,1
URSUS-36-1000-2019-94b,CA0361000,2/26/2019,18:55,SAN BERNARDINO,SAN BERNARDINO,CA,92405,FALSE,FALSE,TRUE,TRUE,call_for_service,,1,2,1
URSUS-36-1000-2019-9ad,CA0361000,3/24/2019,19:47,SAN BERNARDINO,SAN BERNARDINO,CA,92410,FALSE,FALSE,TRUE,TRUE,call_for_service,,1,2,1
URSUS-36-1000-2019-afa,CA0361000,10/1/2019,21:19,SAN BERNARDINO,SAN BERNARDINO,CA,92405,FALSE,FALSE,TRUE,TRUE,call_for_service,,1,1,1
URSUS-36-1000-2019-b35,CA0361000,12/2/2019,17:18,SAN BERNARDINO,SAN BERNARDINO,CA,92404,FALSE,FALSE,TRUE,TRUE,consensual,,1,5,1
URSUS-36-1000-2019-b89,CA0361000,2/11/2019,18:03,SAN BERNARDINO,SAN BERNARDINO,CA,92418,FALSE,FALSE,TRUE,TRUE,in_progress,,1,4,1
URSUS-36-1000-2019-bab,CA0361000,2/2/2019,19:24,HIGHLAND,SAN BERNARDINO,CA,92346,FALSE,FALSE,TRUE,TRUE,call_for_service,,1,3,1
URSUS-36-1000-2019-c23,CA0361000,7/1/2019,14:31,SAN BERNARDINO,SAN BERNARDINO,CA,92404,FALSE,FALSE,TRUE,TRUE,consensual,,1,2,1
URSUS-36-1000-2019-c72,CA0361000,4/30/2019,02:33,SAN BERNARDINO,SAN BERNARDINO,CA,92408,FALSE,FALSE,TRUE,TRUE,vehicle_bike_pedestrian,,1,2,1
URSUS-36-1000-2019-c82,CA0361000,1/24/2019,10:25,SAN BERNARDINO,SAN BERNARDINO,CA,92401,FALSE,FALSE,TRUE,TRUE,call_for_service,,1,1,1
URSUS-36-1000-2019-d5c,CA0361000,8/2/2019,01:38,SAN BERNARDINO,SAN BERNARDINO,CA,92405,FALSE,FALSE,TRUE,TRUE,in_progress,,1,1,1
URSUS-36-1000-2019-e85,CA0361000,7/6/2019,10:14,SAN BERNARDINO,SAN BERNARDINO,CA,92401,FALSE,FALSE,TRUE,TRUE,call_for_service,,1,1,1
URSUS-37-0000-2019-02b,CA0370000,7/24/2019,07:41,SPRING VALLEY,SAN DIEGO,CA,91977,FALSE,FALSE,TRUE,TRUE,pre_planned,,1,3,1
URSUS-37-0000-2019-046,CA0370000,8/25/2019,16:22,RAMONA,SAN DIEGO,CA,92065,FALSE,FALSE,TRUE,TRUE,call_for_service,,1,3,1
URSUS-37-0000-2019-071,CA0370000,3/12/2019,23:27,ENCINITAS,SAN DIEGO,CA,92024,FALSE,FALSE,TRUE,TRUE,in_progress,,1,2,1
URSUS-37-0000-2019-116,CA0370000,6/24/2019,03:20,VISTA,SAN DIEGO,CA,92084,FALSE,FALSE,TRUE,TRUE,in_progress,,1,8,1
URSUS-37-0000-2019-144,CA0370000,7/9/2019,02:18,VISTA,SAN DIEGO,CA,92083,FALSE,FALSE,TRUE,TRUE,call_for_service,,1,5,1
URSUS-37-0000-2019-14a,CA0370000,1/8/2019,19:50,VISTA,SAN DIEGO,CA,92081,FALSE,FALSE,TRUE,TRUE,in_progress,,1,1,1
URSUS-37-0000-2019-20b,CA0370000,3/17/2019,00:41,LAKESIDE,SAN DIEGO,CA,92040,FALSE,FALSE,TRUE,TRUE,call_for_service,,1,1,1
URSUS-37-0000-2019-25f,CA0370000,8/25/2019,12:10,VISTA,SAN DIEGO,CA,92083,FALSE,FALSE,TRUE,TRUE,call_for_service,,2,3,1
URSUS-37-0000-2019-2a9,CA0370000,3/16/2019,04:41,FALLBROOK,SAN DIEGO,CA,92028,FALSE,FALSE,TRUE,TRUE,in_progress,,1,4,1
URSUS-37-0000-2019-2ec,CA0370000,5/31/2019,14:36,SAN DIEGO,SAN DIEGO,CA,92154,FALSE,FALSE,TRUE,TRUE,consensual,,1,1,1
URSUS-37-0000-2019-3ae,CA0370000,8/4/2019,22:20,SAN MARCOS,SAN DIEGO,CA,92069,FALSE,FALSE,TRUE,TRUE,call_for_service,,1,2,1
URSUS-37-0000-2019-437,CA0370000,1/8/2019,14:00,EL CAJON,SAN DIEGO,CA,92020,FALSE,FALSE,FALSE,FALSE,in_custody_event,other,1,2,1
URSUS-37-0000-2019-45e,CA0370000,4/24/2019,09:33,SAN DIEGO,SAN DIEGO,CA,92101,FALSE,FALSE,TRUE,TRUE,in_custody_event,other,1,6,1
URSUS-37-0000-2019-56b,CA0370000,8/14/2019,21:26,LEMON GROVE,SAN DIEGO,CA,91945,FALSE,FALSE,TRUE,TRUE,call_for_service,,1,4,1
URSUS-37-0000-2019-583,CA0370000,2/24/2019,01:35,LA MESA,SAN DIEGO,CA,91941,FALSE,FALSE,TRUE,TRUE,in_progress,,1,2,1
URSUS-37-0000-2019-6ce,CA0370000,6/8/2019,09:30,VISTA,SAN DIEGO,CA,92081,FALSE,FALSE,FALSE,FALSE,in_custody_event,other,1,2,1
URSUS-37-0000-2019-6cf,CA0370000,2/7/2019,07:15,VISTA,SAN DIEGO,CA,92083,FALSE,FALSE,TRUE,TRUE,in_progress,,1,4,1
URSUS-37-0000-2019-6e0,CA0370000,7/14/2019,08:00,LEMON GROVE,SAN DIEGO,CA,91945,FALSE,FALSE,TRUE,TRUE,call_for_service,,1,4,1
URSUS-37-0000-2019-73a,CA0370000,4/16/2019,22:00,ENCINITAS,SAN DIEGO,CA,92024,FALSE,FALSE,TRUE,TRUE,call_for_service,,1,5,1
URSUS-37-0000-2019-88a,CA0370000,3/21/2019,16:44,VISTA,SAN DIEGO,CA,92084,FALSE,FALSE,TRUE,TRUE,call_for_service,,1,1,1
URSUS-37-0000-2019-8fc,CA0370000,1/8/2019,06:01,ENCINITAS,SAN DIEGO,CA,92024,FALSE,FALSE,TRUE,TRUE,vehicle_bike_pedestrian,,1,5,1
URSUS-37-0000-2019-965,CA0370000,1/5/2019,20:39,LEMON GROVE,SAN DIEGO,CA,91945,FALSE,FALSE,FALSE,TRUE,in_progress,,1,3,1
URSUS-37-0000-2019-9a2,CA0370000,3/5/2019,22:40,VISTA,SAN DIEGO,CA,92081,FALSE,FALSE,FALSE,FALSE,in_custody_event,awaiting_booking,1,3,1
URSUS-37-0000-2019-a07,CA0370000,5/24/2019,15:40,VISTA,SAN DIEGO,CA,92081,FALSE,FALSE,FALSE,TRUE,in_custody_event,other,1,7,1
URSUS-37-0000-2019-a79,CA0370000,7/12/2019,17:13,SAN DIEGO,SAN DIEGO,CA,92179,FALSE,FALSE,TRUE,TRUE,in_custody_event,sentenced,1,2,1
URSUS-37-0000-2019-b11,CA0370000,5/5/2019,11:45,SANTEE,SAN DIEGO,CA,92071,FALSE,FALSE,FALSE,FALSE,in_custody_event,awaiting_booking,1,5,1
URSUS-37-0000-2019-b30,CA0370000,4/10/2019,11:00,SAN DIEGO,SAN DIEGO,CA,92101,FALSE,FALSE,FALSE,TRUE,in_custody_event,out_of_court,1,2,1
URSUS-37-0000-2019-b3d,CA0370000,9/26/2019,20:18,SAN DIEGO,SAN DIEGO,CA,92101,FALSE,FALSE,TRUE,TRUE,in_custody_event,booked_awaiting_trial,1,1,1
URSUS-37-0000-2019-c60,CA0370000,4/14/2019,20:59,SAN MARCOS,SAN DIEGO,CA,92078,FALSE,FALSE,TRUE,TRUE,call_for_service,,1,2,1
URSUS-37-0000-2019-c6f,CA0370000,9/21/2019,10:38,VISTA,SAN DIEGO,CA,92081,FALSE,FALSE,TRUE,TRUE,call_for_service,,1,1,1
URSUS-37-0000-2019-cbd,CA0370000,4/14/2019,22:15,SANTEE,SAN DIEGO,CA,92071,FALSE,FALSE,TRUE,TRUE,consensual,,1,4,1
URSUS-37-0000-2019-ce2,CA0370000,9/12/2019,23:20,PAUMA VALLEY,SAN DIEGO,CA,92061,FALSE,FALSE,TRUE,TRUE,call_for_service,,1,2,1
URSUS-37-0000-2019-e95,CA0370000,5/18/2019,17:51,VISTA,SAN DIEGO,CA,92083,FALSE,FALSE,TRUE,TRUE,call_for_service,,1,2,1
URSUS-37-0000-2019-ebc,CA0370000,4/19/2019,19:58,LAKESIDE,SAN DIEGO,CA,92040,FALSE,FALSE,TRUE,TRUE,call_for_service,,1,2,1
URSUS-37-0000-2019-f18,CA0370000,2/17/2019,01:46,JAMUL,SAN DIEGO,CA,91935,FALSE,FALSE,TRUE,TRUE,call_for_service,,1,2,1
URSUS-37-0000-2019-f57,CA0370000,8/26/2019,20:58,SAN DIEGO,SAN DIEGO,CA,92179,FALSE,FALSE,TRUE,TRUE,in_custody_event,booked_awaiting_trial,1,3,1
URSUS-37-0000-2019-fac,CA0370000,10/11/2019,00:01,VISTA,SAN DIEGO,CA,92083,FALSE,FALSE,TRUE,TRUE,call_for_service,,1,4,1
URSUS-37-0600-2019-490,CA0370600,2/7/2019,01:40,ESCONDIDO,SAN DIEGO,CA,92026,FALSE,FALSE,TRUE,TRUE,call_for_service,,1,1,1
URSUS-37-0800-2019-b0c,CA0370800,5/2/2019,08:40,LA MESA,SAN DIEGO,CA,91942,FALSE,FALSE,TRUE,TRUE,call_for_service,,1,1,1
URSUS-37-0900-2019-b8b,CA0370900,9/29/2019,01:52,NATIONAL CITY,SAN DIEGO,CA,91950,FALSE,FALSE,TRUE,TRUE,call_for_service,,1,2,1
URSUS-37-1000-2019-073,CA0371000,10/13/2019,21:05,OCEANSIDE,SAN DIEGO,CA,92057,FALSE,FALSE,TRUE,TRUE,call_for_service,,1,1,1
URSUS-37-1000-2019-2db,CA0371000,1/12/2019,15:54,OCEANSIDE,SAN DIEGO,CA,92056,FALSE,FALSE,TRUE,TRUE,call_for_service,,1,2,1
URSUS-37-1100-2019-100,CA0371100,2/14/2019,16:17,SAN DIEGO,SAN DIEGO,CA,92139,FALSE,FALSE,TRUE,TRUE,call_for_service,,1,5,1
URSUS-37-1100-2019-170,CA0371100,11/16/2019,21:26,SAN DIEGO,SAN DIEGO,CA,92104,FALSE,FALSE,TRUE,TRUE,call_for_service,,1,2,1
URSUS-37-1100-2019-5c3,CA0371100,5/29/2019,09:11,SAN DIEGO,SAN DIEGO,CA,92105,FALSE,FALSE,FALSE,TRUE,call_for_service,,1,1,1
URSUS-37-1100-2019-8fe,CA0371100,1/3/2019,21:50,SAN DIEGO,SAN DIEGO,CA,92110,FALSE,FALSE,TRUE,TRUE,call_for_service,,1,1,1
URSUS-37-1100-2019-a15,CA0371100,8/24/2019,19:47,SAN DIEGO,SAN DIEGO,CA,92115,FALSE,FALSE,FALSE,TRUE,call_for_service,,1,1,1
URSUS-37-1100-2019-b0e,CA0371100,9/16/2019,15:22,SAN DIEGO,SAN DIEGO,CA,92113,FALSE,FALSE,TRUE,TRUE,vehicle_bike_pedestrian,,1,2,1
URSUS-37-1100-2019-b4b,CA0371100,11/9/2019,21:26,SAN DIEGO,SAN DIEGO,CA,92154,FALSE,FALSE,TRUE,TRUE,vehicle_bike_pedestrian,,1,1,1
URSUS-37-1100-2019-c80,CA0371100,4/3/2019,13:33,SAN DIEGO,SAN DIEGO,CA,92173,FALSE,FALSE,FALSE,TRUE,call_for_service,,1,1,1
URSUS-38-0000-2019-0c7,CA0380000,9/5/2019,11:40,SAN FRANCISCO,SAN FRANCISCO,CA,94109,FALSE,FALSE,TRUE,TRUE,pre_planned,,1,4,1
URSUS-38-0100-2019-6d1,CA0380100,1/5/2019,05:18,SAN FRANCISCO,SAN FRANCISCO,CA,94109,FALSE,FALSE,TRUE,TRUE,call_for_service,,1,2,1
URSUS-38-0100-2019-7a9,CA0380100,9/3/2019,15:25,SAN FRANCISCO,SAN FRANCISCO,CA,94103,FALSE,FALSE,TRUE,TRUE,call_for_service,,1,4,1
URSUS-38-0100-2019-a13,CA0380100,10/6/2019,21:07,SAN FRANCISCO,SAN FRANCISCO,CA,94102,FALSE,FALSE,TRUE,TRUE,call_for_service,,1,1,1
URSUS-38-0100-2019-abe,CA0380100,12/7/2019,08:36,SAN FRANCISCO,SAN FRANCISCO,CA,94110,FALSE,FALSE,TRUE,TRUE,call_for_service,,1,2,1
URSUS-38-0100-2019-b0c,CA0380100,6/29/2019,09:54,SAN FRANCISCO,SAN FRANCISCO,CA,94102,FALSE,FALSE,TRUE,TRUE,call_for_service,,1,1,1
URSUS-38-0100-2019-fdc,CA0380100,12/6/2019,21:27,SAN FRANCISCO,SAN FRANCISCO,CA,94103,FALSE,FALSE,TRUE,TRUE,call_for_service,,1,1,1
URSUS-39-0000-2019-cc0,CA0390000,8/27/2019,07:27,STOCKTON,SAN JOAQUIN,CA,95205,FALSE,FALSE,FALSE,TRUE,call_for_service,,1,3,1
URSUS-39-0100-2019-491,CA0390100,6/5/2019,20:30,ESCALON,SAN JOAQUIN,CA,95320,FALSE,FALSE,FALSE,TRUE,call_for_service,,1,2,1
URSUS-39-0100-2019-558,CA0390100,4/28/2019,01:47,ESCALON,SAN JOAQUIN,CA,95320,FALSE,FALSE,TRUE,TRUE,consensual,sentenced,1,2,1
URSUS-39-0200-2019-354,CA0390200,11/5/2019,05:01,LODI,SAN JOAQUIN,CA,95240,FALSE,FALSE,TRUE,TRUE,call_for_service,,1,1,1
URSUS-39-0500-2019-1e6,CA0390500,5/4/2019,11:40,STOCKTON,SAN JOAQUIN,CA,95210,FALSE,FALSE,FALSE,TRUE,call_for_service,,1,1,1
URSUS-39-0500-2019-684,CA0390500,1/17/2019,17:20,STOCKTON,SAN JOAQUIN,CA,95206,FALSE,FALSE,TRUE,TRUE,pre_planned,,1,1,1
URSUS-39-0500-2019-c25,CA0390500,2/20/2019,15:26,STOCKTON,SAN JOAQUIN,CA,95207,FALSE,FALSE,FALSE,TRUE,call_for_service,,1,1,1
URSUS-40-0000-2019-832,CA0400000,10/18/2019,23:10,OCEANO,SAN LUIS OBISPO,CA,93445,FALSE,FALSE,TRUE,TRUE,call_for_service,,1,1,1
URSUS-41-0000-2019-78e,CA0410000,6/18/2019,23:59,REDWOOD CITY,SAN MATEO,CA,94062,FALSE,FALSE,TRUE,TRUE,in_progress,,1,3,1
URSUS-41-0000-2019-8bc,CA0410000,10/7/2019,15:47,REDWOOD CITY,SAN MATEO,CA,94063,FALSE,FALSE,TRUE,TRUE,consensual,,1,1,1
URSUS-41-1300-2019-dca,CA0411300,9/7/2019,01:00,REDWOOD CITY,SAN MATEO,CA,94061,FALSE,FALSE,FALSE,TRUE,call_for_service,,1,4,1
URSUS-41-1600-2019-7a6,CA0411600,11/24/2019,08:29,SAN MATEO,SAN MATEO,CA,94404,FALSE,FALSE,TRUE,TRUE,call_for_service,booked_awaiting_trial,1,1,1
URSUS-41-1600-2019-840,CA0411600,9/28/2019,17:30,SAN MATEO,SAN MATEO,CA,94403,FALSE,FALSE,TRUE,TRUE,in_progress,,2,1,1
URSUS-41-1700-2019-1b2,CA0411700,4/21/2019,01:06,SOUTH SAN FRANCISCO,SAN MATEO,CA,94080,FALSE,FALSE,TRUE,TRUE,in_progress,,3,4,1
URSUS-42-0000-2019-492,CA0420000,10/15/2019,17:24,SANTA BARBARA,SANTA BARBARA,CA,93110,FALSE,FALSE,FALSE,TRUE,call_for_service,,1,4,1
URSUS-42-0300-2019-5a2,CA0420300,5/7/2019,12:20,GOLETA,SANTA BARBARA,CA,93111,FALSE,FALSE,TRUE,TRUE,pre_planned,,1,6,1
URSUS-42-0300-2019-a0a,CA0420300,8/18/2019,11:38,SANTA BARBARA,SANTA BARBARA,CA,93101,FALSE,FALSE,TRUE,TRUE,call_for_service,,1,1,1
URSUS-42-0300-2019-b47,CA0420300,11/9/2019,01:27,SANTA BARBARA,SANTA BARBARA,CA,93101,FALSE,FALSE,TRUE,TRUE,call_for_service,,1,2,1
URSUS-42-0400-2019-b72,CA0420400,8/5/2019,00:43,SANTA MARIA,SANTA BARBARA,CA,93458,FALSE,FALSE,TRUE,TRUE,in_progress,other,1,1,1
URSUS-43-0000-2019-5b7,CA0430000,1/15/2019,16:13,SAN JOSE,SANTA CLARA,CA,95110,FALSE,FALSE,TRUE,TRUE,in_custody_event,booked_awaiting_trial,1,5,1
URSUS-43-0000-2019-639,CA0430000,3/6/2019,10:47,SAN JOSE,SANTA CLARA,CA,95110,FALSE,FALSE,TRUE,TRUE,in_custody_event,booked_awaiting_trial,1,6,1
URSUS-43-0000-2019-948,CA0430000,2/9/2019,18:44,MILPITAS,SANTA CLARA,CA,95035,FALSE,FALSE,TRUE,TRUE,in_custody_event,booked_awaiting_trial,1,5,1
URSUS-43-0400-2019-847,CA0430400,7/28/2019,17:41,GILROY,SANTA CLARA,CA,95020,FALSE,FALSE,FALSE,TRUE,in_progress,,1,3,1
URSUS-43-0400-2019-bfa,CA0430400,1/20/2019,18:20,GILROY,SANTA CLARA,CA,95020,FALSE,FALSE,TRUE,TRUE,call_for_service,,1,1,1
URSUS-43-0700-2019-687,CA0430700,4/19/2019,17:10,LOS GATOS,SANTA CLARA,CA,95032,FALSE,FALSE,TRUE,TRUE,call_for_service,,1,1,1
URSUS-43-0800-2019-0be,CA0430800,11/28/2019,23:30,MILPITAS,SANTA CLARA,CA,95035,FALSE,FALSE,TRUE,TRUE,call_for_service,,1,2,1
URSUS-43-1200-2019-f4c,CA0431200,7/10/2019,02:00,PALO ALTO,SANTA CLARA,CA,94306,FALSE,FALSE,TRUE,TRUE,in_progress,,1,1,1
URSUS-43-1300-2019-15d,CA0431300,10/31/2019,14:34,SAN JOSE,SANTA CLARA,CA,95116,FALSE,FALSE,FALSE,TRUE,in_progress,,1,1,1
URSUS-43-1300-2019-28c,CA0431300,4/8/2019,00:44,SAN JOSE,SANTA CLARA,CA,95112,FALSE,FALSE,TRUE,TRUE,vehicle_bike_pedestrian,,1,1,1
URSUS-43-1300-2019-29e,CA0431300,8/6/2019,17:15,SAN JOSE,SANTA CLARA,CA,95118,FALSE,FALSE,TRUE,TRUE,call_for_service,,1,1,1
URSUS-43-1300-2019-2a7,CA0431300,9/16/2019,18:21,SAN JOSE,SANTA CLARA,CA,95110,FALSE,FALSE,TRUE,TRUE,vehicle_bike_pedestrian,,1,2,1
URSUS-43-1300-2019-487,CA0431300,5/4/2019,12:52,SAN JOSE,SANTA CLARA,CA,95127,FALSE,FALSE,FALSE,TRUE,in_progress,,1,3,1
URSUS-43-1300-2019-5cc,CA0431300,7/17/2019,23:29,SAN JOSE,SANTA CLARA,CA,95112,FALSE,FALSE,TRUE,TRUE,in_progress,,1,1,1
URSUS-43-1300-2019-6ab,CA0431300,11/9/2019,15:10,SARATOGA,SANTA CLARA,CA,95070,FALSE,FALSE,FALSE,TRUE,pre_planned,,1,1,1
URSUS-43-1300-2019-b4f,CA0431300,11/14/2019,22:08,SAN JOSE,SANTA CLARA,CA,95119,FALSE,FALSE,TRUE,TRUE,call_for_service,,1,2,1
URSUS-43-1300-2019-c1c,CA0431300,12/9/2019,18:08,SAN JOSE,SANTA CLARA,CA,95110,FALSE,FALSE,TRUE,TRUE,in_progress,,1,1,1
URSUS-43-1300-2019-cb9,CA0431300,10/30/2019,23:32,SAN JOSE,SANTA CLARA,CA,95131,FALSE,FALSE,TRUE,TRUE,vehicle_bike_pedestrian,,1,1,1
URSUS-43-1300-2019-f00,CA0431300,5/8/2019,22:53,SAN JOSE,SANTA CLARA,CA,95110,FALSE,FALSE,TRUE,TRUE,in_custody_event,in_transit,1,1,1
URSUS-43-1300-2019-f95,CA0431300,5/12/2019,23:47,SAN JOSE,SANTA CLARA,CA,95122,FALSE,FALSE,TRUE,TRUE,in_progress,,1,1,1
URSUS-43-1300-2019-ff5,CA0431300,2/14/2019,17:09,SAN JOSE,SANTA CLARA,CA,95134,FALSE,FALSE,TRUE,TRUE,in_progress,,1,1,1
URSUS-43-1400-2019-1a8,CA0431400,1/5/2019,05:42,SANTA CLARA,SANTA CLARA,CA,95054,FALSE,FALSE,FALSE,TRUE,call_for_service,,1,4,1
URSUS-43-1600-2019-66e,CA0431600,5/19/2019,00:27,SUNNYVALE,SANTA CLARA,CA,94085,FALSE,FALSE,TRUE,TRUE,call_for_service,,1,2,1
URSUS-44-0000-2019-779,CA0440000,3/30/2019,18:00,BEN LOMOND,SANTA CRUZ,CA,95005,FALSE,FALSE,TRUE,TRUE,call_for_service,,1,1,1
URSUS-45-0100-2019-e69,CA0450100,6/1/2019,16:24,ANDERSON,SHASTA,CA,96007,FALSE,FALSE,FALSE,TRUE,call_for_service,,1,1,1
URSUS-45-0200-2019-72e,CA0450200,12/22/2019,03:20,REDDING,SHASTA,CA,96001,FALSE,FALSE,FALSE,TRUE,vehicle_bike_pedestrian,,1,1,1
URSUS-45-0200-2019-7a7,CA0450200,2/11/2019,15:07,REDDING,SHASTA,CA,96002,FALSE,FALSE,FALSE,TRUE,call_for_service,,1,2,1
URSUS-45-0200-2019-d12,CA0450200,4/2/2019,15:38,REDDING,SHASTA,CA,96003,FALSE,FALSE,FALSE,TRUE,call_for_service,,1,1,1
URSUS-47-0000-2019-78b,CA0470000,11/5/2019,10:17,MOUNT SHASTA,SISKIYOU,CA,96067,FALSE,FALSE,TRUE,TRUE,call_for_service,,1,2,1
URSUS-47-0800-2019-fdf,CA0470800,10/12/2019,13:23,WEED,SISKIYOU,CA,96094,FALSE,FALSE,FALSE,FALSE,call_for_service,,1,1,1
URSUS-48-0200-2019-d40,CA0480200,12/5/2019,23:01,DIXON,SOLANO,CA,95620,FALSE,FALSE,TRUE,TRUE,in_progress,,1,3,1
URSUS-48-0300-2019-7a2,CA0480300,8/24/2019,22:43,FAIRFIELD,SOLANO,CA,94533,FALSE,FALSE,TRUE,TRUE,call_for_service,,1,4,1
URSUS-48-0300-2019-bd7,CA0480300,5/21/2019,02:08,FAIRFIELD,SOLANO,CA,94533,FALSE,FALSE,TRUE,TRUE,call_for_service,,1,6,1
URSUS-48-0300-2019-bee,CA0480300,11/1/2019,15:06,FAIRFIELD,SOLANO,CA,94533,FALSE,FALSE,TRUE,TRUE,pre_planned,,1,4,1
URSUS-48-0300-2019-f40,CA0480300,1/14/2019,22:47,VACAVILLE,SOLANO,CA,95688,FALSE,FALSE,FALSE,TRUE,call_for_service,,1,4,2
URSUS-48-0600-2019-210,CA0480600,7/3/2019,15:30,VACAVILLE,SOLANO,CA,95688,FALSE,FALSE,TRUE,TRUE,call_for_service,,1,2,1
URSUS-48-0600-2019-227,CA0480600,5/5/2019,20:25,VACAVILLE,SOLANO,CA,95688,FALSE,FALSE,TRUE,TRUE,call_for_service,,1,2,1
URSUS-48-0600-2019-2bc,CA0480600,4/16/2019,20:40,VACAVILLE,SOLANO,CA,95687,FALSE,FALSE,TRUE,TRUE,call_for_service,,1,4,1
URSUS-48-0600-2019-2c0,CA0480600,8/8/2019,20:49,VACAVILLE,SOLANO,CA,95687,FALSE,FALSE,TRUE,TRUE,call_for_service,,1,3,1
URSUS-48-0600-2019-4d1,CA0480600,9/5/2019,13:06,VACAVILLE,SOLANO,CA,95688,FALSE,FALSE,TRUE,TRUE,pre_planned,,1,2,1
URSUS-48-0600-2019-698,CA0480600,12/29/2019,00:08,VACAVILLE,SOLANO,CA,95688,FALSE,FALSE,TRUE,TRUE,pre_planned,,1,2,1
URSUS-48-0600-2019-71e,CA0480600,10/28/2019,03:31,VACAVILLE,SOLANO,CA,95688,TRUE,FALSE,TRUE,TRUE,call_for_service,,1,1,1
URSUS-48-0600-2019-937,CA0480600,11/8/2019,16:15,VACAVILLE,SOLANO,CA,95687,FALSE,FALSE,TRUE,TRUE,call_for_service,,1,1,1
URSUS-48-0600-2019-f15,CA0480600,1/7/2019,18:50,VACAVILLE,SOLANO,CA,95688,FALSE,FALSE,TRUE,TRUE,call_for_service,,1,2,1
URSUS-48-0700-2019-386,CA0480700,1/6/2019,08:32,VALLEJO,SOLANO,CA,94590,FALSE,FALSE,TRUE,TRUE,in_progress,,1,1,1
URSUS-48-0700-2019-c54,CA0480700,2/9/2019,22:36,VALLEJO,SOLANO,CA,94591,FALSE,FALSE,FALSE,TRUE,call_for_service,,1,6,1
URSUS-49-0000-2019-68d,CA0490000,2/7/2019,17:42,SANTA ROSA,SONOMA,CA,95403,FALSE,FALSE,TRUE,TRUE,call_for_service,,1,1,1
URSUS-49-0000-2019-8b2,CA0490000,11/27/2019,05:41,BLOOMFIELD,SONOMA,CA,94952,FALSE,FALSE,FALSE,TRUE,in_progress,,1,1,1
URSUS-49-0000-2019-c30,CA0490000,8/1/2019,17:42,SANTA ROSA,SONOMA,CA,95401,FALSE,FALSE,TRUE,TRUE,in_progress,,1,1,1
URSUS-49-0000-2019-ff9,CA0490000,7/4/2019,20:07,BODEGA BAY,SONOMA,CA,94923,FALSE,FALSE,TRUE,TRUE,in_progress,,1,1,1
URSUS-49-0300-2019-ca2,CA0490300,5/30/2019,19:00,HEALDSBURG,SONOMA,CA,95448,FALSE,FALSE,TRUE,TRUE,vehicle_bike_pedestrian,,1,1,1
URSUS-49-0500-2019-4a5,CA0490500,12/7/2019,12:35,SANTA ROSA,SONOMA,CA,95403,FALSE,TRUE,TRUE,TRUE,call_for_service,,1,1,1
URSUS-49-0500-2019-62e,CA0490500,12/3/2019,07:20,SANTA ROSA,SONOMA,CA,95404,FALSE,FALSE,TRUE,TRUE,call_for_service,,1,1,1
URSUS-49-0500-2019-876,CA0490500,10/12/2019,00:40,SANTA ROSA,SONOMA,CA,95404,FALSE,FALSE,TRUE,TRUE,consensual,,1,1,1
URSUS-49-0500-2019-c5d,CA0490500,2/10/2019,10:10,SANTA ROSA,SONOMA,CA,95403,FALSE,FALSE,TRUE,TRUE,vehicle_bike_pedestrian,,1,1,1
URSUS-50-0000-2019-330,CA0500000,7/17/2019,22:04,MODESTO,STANISLAUS,CA,95351,FALSE,FALSE,FALSE,TRUE,call_for_service,,1,4,1
URSUS-50-0000-2019-4a2,CA0500000,7/16/2019,19:13,MODESTO,STANISLAUS,CA,95358,FALSE,FALSE,TRUE,TRUE,call_for_service,,1,5,1
URSUS-50-0000-2019-596,CA0500000,5/17/2019,16:25,MODESTO,STANISLAUS,CA,95350,FALSE,FALSE,TRUE,TRUE,consensual,,1,2,1
URSUS-50-0000-2019-665,CA0500000,1/20/2019,21:30,RIVERBANK,STANISLAUS,CA,95367,FALSE,FALSE,TRUE,TRUE,call_for_service,,1,1,1
URSUS-50-0000-2019-e96,CA0500000,6/6/2019,16:45,MODESTO,STANISLAUS,CA,95358,FALSE,FALSE,FALSE,TRUE,call_for_service,,1,1,1
URSUS-50-0000-2019-f50,CA0500000,3/21/2019,13:16,MODESTO,STANISLAUS,CA,95350,FALSE,FALSE,FALSE,TRUE,in_progress,,1,2,1
URSUS-50-0200-2019-930,CA0500200,11/29/2019,19:18,MODESTO,STANISLAUS,CA,95350,FALSE,FALSE,FALSE,TRUE,call_for_service,other,1,2,1
URSUS-51-0200-2019-26e,CA0510200,6/25/2019,14:34,YUBA CITY,SUTTER,CA,95991,FALSE,FALSE,TRUE,TRUE,call_for_service,,1,1,1
URSUS-51-0200-2019-6e1,CA0510200,8/11/2019,02:49,YUBA CITY,SUTTER,CA,95991,FALSE,FALSE,TRUE,TRUE,in_progress,,1,1,1
URSUS-51-0200-2019-79a,CA0510200,4/21/2019,21:07,YUBA CITY,SUTTER,CA,95991,FALSE,FALSE,TRUE,TRUE,call_for_service,,1,1,1
URSUS-51-0200-2019-bd7,CA0510200,9/16/2019,10:54,YUBA CITY,SUTTER,CA,95991,FALSE,FALSE,TRUE,TRUE,in_progress,,1,1,1
URSUS-52-0000-2019-7ab,CA0520000,1/28/2019,05:32,RED BLUFF,TEHAMA,CA,96080,FALSE,FALSE,FALSE,TRUE,call_for_service,,1,4,1
URSUS-52-0000-2019-c99,CA0520000,8/30/2019,18:53,RED BLUFF,TEHAMA,CA,96080,FALSE,FALSE,FALSE,TRUE,in_progress,,1,2,1
URSUS-52-0200-2019-11f,CA0520200,4/14/2019,00:19,RED BLUFF,TEHAMA,CA,96080,FALSE,FALSE,FALSE,TRUE,vehicle_bike_pedestrian,,1,3,1
URSUS-52-0200-2019-375,CA0520200,5/10/2019,16:21,RED BLUFF,TEHAMA,CA,96080,FALSE,FALSE,TRUE,TRUE,call_for_service,,1,1,1
URSUS-52-0200-2019-990,CA0520200,1/31/2019,21:38,RED BLUFF,TEHAMA,CA,96080,FALSE,FALSE,TRUE,TRUE,call_for_service,,1,1,1
URSUS-54-0700-2019-78d,CA0540700,1/14/2019,13:45,VISALIA,TULARE,CA,93277,FALSE,FALSE,TRUE,TRUE,pre_planned,,1,6,1
URSUS-54-0700-2019-bd3,CA0540700,7/30/2019,10:50,VISALIA,TULARE,CA,93292,FALSE,FALSE,TRUE,TRUE,call_for_service,,1,3,1
URSUS-54-0700-2019-e73,CA0540700,8/2/2019,21:49,VISALIA,TULARE,CA,93291,FALSE,FALSE,TRUE,TRUE,call_for_service,,1,1,1
URSUS-56-0000-2019-fb1,CA0560000,12/23/2019,16:23,OJAI,VENTURA,CA,93023,FALSE,FALSE,TRUE,TRUE,call_for_service,,1,1,1
URSUS-56-0400-2019-5b1,CA0560400,5/3/2019,06:58,OXNARD,VENTURA,CA,93030,FALSE,FALSE,TRUE,TRUE,call_for_service,,1,2,1
URSUS-56-0600-2019-631,CA0560600,1/25/2019,09:25,SANTA PAULA,VENTURA,CA,93060,FALSE,FALSE,TRUE,TRUE,in_progress,,1,1,1
URSUS-56-0800-2019-4e9,CA0560800,8/8/2019,20:48,VENTURA,VENTURA,CA,93003,FALSE,FALSE,TRUE,TRUE,in_progress,,1,1,1
URSUS-56-0800-2019-dbe,CA0560800,2/6/2019,19:45,VENTURA,VENTURA,CA,93003,FALSE,FALSE,TRUE,TRUE,in_progress,,1,1,1
URSUS-56-0800-2019-f39,CA0560800,4/1/2019,10:32,VENTURA,VENTURA,CA,93003,FALSE,FALSE,TRUE,TRUE,call_for_service,,1,1,1
URSUS-56-0900-2019-d4b,CA0560900,9/19/2019,14:04,SIMI VALLEY,VENTURA,CA,93065,FALSE,TRUE,TRUE,TRUE,call_for_service,sentenced,1,1,1
URSUS-57-0100-2019-405,CA0570100,12/19/2019,03:41,DAVIS,YOLO,CA,95616,FALSE,FALSE,FALSE,TRUE,in_progress,,1,3,1
URSUS-57-0100-2019-b32,CA0570100,1/10/2019,18:43,DAVIS,YOLO,CA,95616,FALSE,FALSE,FALSE,TRUE,ambush,,1,1,1
URSUS-58-0000-2019-2fb,CA0580000,1/14/2019,15:30,LINDA,YUBA,CA,95901,FALSE,FALSE,FALSE,TRUE,call_for_service,,1,2,1
URSUS-58-0100-2019-006,CA0580100,1/5/2019,21:39,MARYSVILLE,YUBA,CA,95901,FALSE,FALSE,TRUE,TRUE,call_for_service,,1,1,1
